{"stats":{"minecraft:used":{"minecraft:tropical_fish":2,"minecraft:melon_slice":2,"minecraft:iron_sword":77,"zombie_extreme:pipe":1,"minecraft:rotten_flesh":9,"minecraft:dirt":4,"apocalypsenow:human_flesh":1},"minecraft:picked_up":{"minecraft:stick":1,"pointblank:gunmetal_nugget":3,"horror_element_mod:villager_head":1,"minecraft:string":1,"minecraft:dirt":4,"extinction:fabric":1,"minecraft:rotten_flesh":13,"minecraft:tropical_fish":2,"apocalypsenow:human_flesh":2,"minecraft:bamboo":31,"zombie_extreme:oil_shale":2,"minecraft:melon_slice":22},"minecraft:killed":{"zombie_extreme:clicker":1,"extinction:soldier":1,"extinction:infected_soldier":1,"minecraft:drowned":1,"minecraft:tropical_fish":2,"extinction:infected_hazmat":1},"minecraft:custom":{"minecraft:time_since_rest":2804,"minecraft:sprint_one_cm":7607,"minecraft:interact_with_furnace":1,"minecraft:damage_taken":1725,"minecraft:walk_one_cm":35665,"minecraft:interact_with_anvil":1,"minecraft:mob_kills":7,"minecraft:damage_dealt":1726,"minecraft:swim_one_cm":46773,"minecraft:interact_with_crafting_table":1,"minecraft:fly_one_cm":19944,"minecraft:open_barrel":1,"minecraft:open_chest":2,"minecraft:crouch_one_cm":1687,"minecraft:play_time":13996,"minecraft:deaths":4,"minecraft:sneak_time":517,"minecraft:walk_under_water_one_cm":16922,"minecraft:jump":167,"minecraft:time_since_death":2778,"minecraft:walk_on_water_one_cm":15557,"minecraft:interact_with_smoker":2,"minecraft:climb_one_cm":2778,"minecraft:total_world_time":13996,"minecraft:fall_one_cm":3097},"minecraft:mined":{"horror_element_mod:spiked_body":1,"minecraft:podzol":4,"minecraft:tall_seagrass":1,"horror_element_mod:villager_head":1,"minecraft:kelp_plant":1,"horror_element_mod:spiked_villager":1,"horror_element_mod:hanging_villager":1,"minecraft:grass":3,"minecraft:melon":4,"zombie_extreme:oil_shale_sand":2,"minecraft:cobweb":1}},"DataVersion":3465}