{"stats":{"minecraft:crafted":{"minecraft:spruce_boat":1,"minecraft:crafting_table":2,"minecraft:spruce_planks":12,"minecraft:jungle_boat":2,"minecraft:jungle_planks":24,"minecraft:acacia_planks":8},"minecraft:dropped":{"apocalypsenow:human_flesh":4,"apocalypsenow:dead_cockroach":1,"minecraft:wheat_seeds":8,"minecraft:cookie":1,"zombie_extreme:cloth":7,"zombie_extreme:crowbar":1,"zombie_extreme:rotten_apple":5,"zombie_extreme:soda_used":3,"zombie_extreme:pipe":1,"minecraft:lily_pad":10,"minecraft:gold_ingot":2,"minecraft:bone":4,"minecraft:white_tulip":1,"zombie_extreme:police_suit_chestplate":1,"minecraft:bowl":4,"minecraft:soul_lantern":1,"minecraft:pointed_dripstone":1,"apocalypsenow:anarchy_chestplate":1,"minecraft:filled_map":1,"extinction:military_humvee":1,"minecraft:spruce_planks":4,"minecraft:ladder":1,"minecraft:spider_eye":2,"minecraft:bamboo":40,"minecraft:arrow":3,"minecraft:beef":3,"zombie_extreme:soda":1,"zombie_extreme:vodka":1},"minecraft:used":{"zombie_extreme:canned_soup":1,"minecraft:moss_block":1,"zombie_extreme:butcher_knife":340,"zombie_extreme:cleaver":11,"minecraft:tropical_fish":2,"minecraft:spruce_planks":7,"minecraft:tinted_glass":1,"zombie_extreme:canned_food":1,"minecraft:iron_sword":83,"zombie_extreme:dead_body":1,"minecraft:rotten_flesh":41,"zombie_extreme:wooden_barricades":1,"minecraft:dirt":13,"minecraft:mutton":2,"apocalypsenow:yellow_football_armor_leggings":1,"minecraft:jungle_planks":3,"minecraft:carrot":8,"minecraft:obsidian":3,"minecraft:spruce_boat":4,"zombie_extreme:dog_food":2,"horror_element_mod:villager_head":1,"apocalypsenow:hazmat_suit_helmet":4,"zombie_extreme:whiskey":1,"minecraft:egg":1,"minecraft:skeleton_skull":2,"zombie_extreme:soda":4,"extinction:tactical_tomahawk":29,"minecraft:acacia_planks":9,"minecraft:golden_axe":10,"zombie_extreme:pill_anti_hunger":1,"minecraft:golden_boots":1,"minecraft:dark_oak_stairs":1,"zombie_extreme:fireaxe":44,"apocalypsenow:cooked_human_flesh":2,"horror_element_mod:impaled_head":1,"minecraft:stonecutter":5,"minecraft:jungle_boat":2,"zombie_extreme:chips":1,"minecraft:cookie":4,"minecraft:white_wool":2,"minecraft:glow_berries":2,"minecraft:sand":25,"minecraft:crafting_table":3,"minecraft:apple":2,"minecraft:bread":2,"minecraft:melon_slice":28,"minecraft:leather_helmet":3,"zombie_extreme:pipe":302,"extinction:canned_meat":1,"minecraft:porkchop":1,"minecraft:chain":2,"apocalypsenow:human_flesh":14,"zombie_extreme:cat_food":1},"minecraft:picked_up":{"zombie_extreme:wooden_barricades":1,"minecraft:crafting_table":1,"minecraft:ladder":1,"minecraft:chain":2,"zombie_extreme:police_suit_chestplate":1,"minecraft:string":9,"apocalypsenow:bvd_assault_vest_chestplate":1,"extinction:fabric":2,"minecraft:spruce_planks":4,"minecraft:beef":3,"minecraft:white_tulip":1,"apocalypsenow:anarchy_chestplate":1,"minecraft:melon_slice":78,"zombie_extreme:oil_shale":2,"minecraft:tinted_glass":1,"minecraft:egg":1,"minecraft:stick":6,"zombie_extreme:soda_used":2,"minecraft:acacia_log":2,"minecraft:bowl":3,"pointblank:gunmetal_nugget":191,"zombie_island:adhesive":1,"zombie_extreme:juggernaut_suit_boots":1,"minecraft:cookie":1,"minecraft:pointed_dripstone":2,"minecraft:tnt":7,"horror_element_mod:impaled_head":1,"extinction:tactical_tomahawk":1,"minecraft:arrow":24,"minecraft:rotten_flesh":47,"minecraft:tropical_fish":2,"minecraft:decorated_pot":1,"zombie_extreme:rotten_apple":1,"minecraft:glow_berries":2,"minecraft:mutton":2,"minecraft:white_wool":3,"minecraft:jungle_log":6,"minecraft:leather":3,"minecraft:lily_pad":10,"horror_element_mod:villager_head":2,"minecraft:dirt":13,"zombie_extreme:dead_body":1,"apocalypsenow:cooked_human_flesh":2,"minecraft:bone":7,"extinction:marine_chestplate":2,"minecraft:acacia_planks":1,"minecraft:bow":1,"apocalypsenow:human_flesh":74,"minecraft:wheat_seeds":11,"zombie_island:alloy":1,"minecraft:iron_ingot":1,"zombie_extreme:cloth":2,"minecraft:bamboo":51,"minecraft:moss_block":12,"extinction:canned_meat":1,"minecraft:dark_oak_stairs":1,"apocalypsenow:hazmat_suit_helmet":1,"minecraft:sand":25,"minecraft:stripped_spruce_log":2,"minecraft:spruce_log":24,"minecraft:spider_eye":2,"extinction:military_humvee":1,"apocalypsenow:yellow_football_armor_leggings":1,"minecraft:spruce_boat":3,"minecraft:bread":7,"apocalypsenow:dead_cockroach":1},"minecraft:killed":{"zombie_extreme:night_hunter":1,"apocalypsenow:looter_1":1,"minecraft:spider":3,"zombie_extreme:infected_juggernaut":1,"extinction:parasite":1,"zombie_island:incendiary_walker":3,"zombie_island:riot_gear_walker":2,"zombie_extreme:revived":1,"zombie_extreme:clicker":1,"zombie_extreme:goon":2,"extinction:soldier":2,"apocalypsenow:walker_18":1,"minecraft:drowned":1,"extinction:infected_riot_gear":1,"minecraft:tropical_fish":2,"extinction:infected_hazmat":2,"extinction:runner_ii":1,"minecraft:wolf":1,"extinction:infected_bear":1,"zombie_extreme:infected_military":1,"minecraft:zombie_villager":1,"zombie_extreme:infected":1,"extinction:infected_police":4,"zombie_extreme:zero_patient":1,"minecraft:sheep":2,"minecraft:zombie":12,"extinction:infected_soldier":3,"apocalypsenow:cockroach":1,"extinction:fallen_survivor":1,"zombie_extreme:infected_police":4,"extinction:soldier_clicker":2,"zombie_extreme:assasin_black_ops":4,"zombie_island:caustic_x_walker":3,"zombie_island:shambler_2":1,"zombie_extreme:fetus":1,"zombie_island:walker_2":1,"minecraft:cow":1},"minecraft:custom":{"minecraft:mob_kills":78,"minecraft:interact_with_anvil":1,"minecraft:interact_with_crafting_table":8,"minecraft:open_barrel":7,"minecraft:leave_game":2,"minecraft:time_since_death":17022,"minecraft:climb_one_cm":16118,"minecraft:sprint_one_cm":172267,"minecraft:walk_one_cm":315621,"minecraft:drop":55,"minecraft:play_time":144306,"minecraft:deaths":10,"minecraft:sneak_time":6491,"minecraft:walk_under_water_one_cm":105909,"minecraft:jump":2337,"minecraft:walk_on_water_one_cm":109598,"minecraft:total_world_time":144306,"minecraft:interact_with_furnace":1,"minecraft:interact_with_stonecutter":1,"minecraft:time_since_rest":17047,"minecraft:damage_taken":20005438,"minecraft:trigger_trapped_chest":3,"minecraft:damage_dealt":19520,"minecraft:swim_one_cm":275266,"minecraft:fly_one_cm":476977,"minecraft:open_chest":37,"minecraft:crouch_one_cm":11344,"minecraft:interact_with_smoker":2,"minecraft:fall_one_cm":58573},"minecraft:broken":{"zombie_extreme:butcher_knife":1,"minecraft:iron_sword":1},"minecraft:mined":{"horror_element_mod:hanging_villager":1,"minecraft:ladder":1,"extinction:military_humvee":1,"minecraft:acacia_log":2,"minecraft:grass_block":1,"minecraft:spruce_fence":2,"minecraft:decorated_pot":1,"minecraft:jungle_log":6,"zombie_extreme:dead_body":2,"minecraft:moss_block":13,"minecraft:large_fern":2,"minecraft:tall_seagrass":1,"horror_element_mod:villager_head":2,"zombie_extreme:wooden_barricades":1,"minecraft:fire":2,"minecraft:stripped_spruce_log":2,"minecraft:dark_oak_stairs":1,"minecraft:vine":2,"zombie_extreme:oil_shale_sand":2,"immersive_weathering:loam":4,"extinction:wooden_planks":2,"minecraft:bamboo":2,"extinction:sand_bags":1,"minecraft:white_tulip":1,"minecraft:white_wool":1,"horror_element_mod:spiked_body":1,"minecraft:podzol":4,"minecraft:acacia_leaves":1,"minecraft:glass_pane":5,"horror_element_mod:dead_pig":1,"minecraft:kelp_plant":4,"minecraft:crafting_table":1,"minecraft:melon":11,"minecraft:white_stained_glass_pane":1,"minecraft:chest":1,"minecraft:dead_bush":1,"minecraft:glass":2,"minecraft:tall_grass":25,"horror_element_mod:impaled_head":1,"minecraft:seagrass":7,"minecraft:stripped_spruce_wood":2,"minecraft:tinted_glass":1,"horror_element_mod:spiked_villager":2,"minecraft:spruce_log":25,"minecraft:tnt":9,"minecraft:grass":71,"horror_element_mod:dead_cow":2,"minecraft:sand":25,"minecraft:dirt":3,"minecraft:cobweb":5,"minecraft:acacia_planks":1,"minecraft:oak_leaves":2,"minecraft:fern":9}},"DataVersion":3465}