{"stats":{"minecraft:mined":{"minecraft:white_bed":1,"minecraft:glass_pane":2,"minecraft:crafting_table":1,"minecraft:tall_grass":8,"minecraft:spruce_leaves":1,"minecraft:red_mushroom":3,"minecraft:sugar_cane":12,"minecraft:oak_planks":1,"horror_element_mod:trapped_leg":1,"extinction:supply_drop":3,"minecraft:hay_block":6,"farmersdelight:wild_beetroots":3,"minecraft:wheat":5,"minecraft:sweet_berry_bush":1,"minecraft:grass":27,"minecraft:oak_log":3,"pointblank:workstation":3,"minecraft:cobweb":16,"minecraft:fern":1},"minecraft:dropped":{"minecraft:wheat_seeds":11,"zombie_extreme:bronze_nugget":1,"minecraft:spruce_slab":12,"minecraft:beef":1,"minecraft:brick":1},"minecraft:killed":{"minecraft:pig":1,"minecraft:squid":2,"minecraft:sheep":3,"minecraft:pillager":1,"extinction:infected_soldier":1,"zombie_extreme:infected_police":2,"zombie_extreme:assasin_black_ops":3,"minecraft:cow":6},"minecraft:used":{"minecraft:wheat_seeds":5,"zombie_extreme:butcher_knife":64,"zombie_extreme:cleaver":9,"minecraft:oak_planks":6,"extinction:supply_drop":2,"zombie_extreme:chips":6,"zombie_extreme:crowbar":34,"minecraft:crafting_table":3,"minecraft:white_bed":1,"minecraft:bread":6,"zombie_extreme:canned_stew":1,"pointblank:workstation":3,"zombie_extreme:cat_food":2},"minecraft:crafted":{"minecraft:oak_planks":12,"minecraft:crafting_table":2,"minecraft:spruce_planks":8,"minecraft:paper":24,"minecraft:spruce_slab":6,"minecraft:white_bed":1},"minecraft:custom":{"minecraft:interact_with_furnace":1,"minecraft:mob_kills":19,"minecraft:interact_with_crafting_table":3,"minecraft:interact_with_campfire":4,"minecraft:time_since_death":28775,"minecraft:sleep_in_bed":1,"minecraft:climb_one_cm":6680,"minecraft:time_since_rest":12314,"minecraft:sprint_one_cm":61662,"minecraft:damage_taken":452,"minecraft:walk_one_cm":95792,"minecraft:drop":10,"minecraft:damage_dealt":2395,"minecraft:swim_one_cm":47050,"minecraft:talked_to_villager":20,"minecraft:fly_one_cm":190029,"minecraft:open_chest":18,"minecraft:crouch_one_cm":109,"minecraft:play_time":28775,"minecraft:sneak_time":182,"minecraft:walk_under_water_one_cm":5129,"minecraft:jump":831,"minecraft:walk_on_water_one_cm":7136,"minecraft:total_world_time":28775,"minecraft:fall_one_cm":29308},"minecraft:picked_up":{"minecraft:crafting_table":1,"minecraft:wheat":4,"minecraft:leather":7,"minecraft:red_mushroom":3,"minecraft:oak_log":3,"minecraft:string":15,"minecraft:beetroot":1,"minecraft:wheat_seeds":16,"minecraft:beef":11,"minecraft:spruce_slab":12,"minecraft:sugar_cane":26,"pointblank:workstation":3,"immersive_weathering:tallow":3,"extinction:marine_leggings":1,"minecraft:sweet_berries":2,"minecraft:porkchop":1,"minecraft:ink_sac":6,"minecraft:white_bed":1,"minecraft:beetroot_seeds":3,"minecraft:hay_block":6,"extinction:supply_drop":3,"minecraft:mutton":6,"minecraft:white_wool":3}},"DataVersion":3465}