{"stats":{"minecraft:used":{"minecraft:rotten_flesh":2,"minecraft:chest":2,"zombie_extreme:frying_pan":1},"minecraft:picked_up":{"minecraft:stick":6,"minecraft:rotten_flesh":4,"minecraft:wheat_seeds":1,"minecraft:chest":2,"minecraft:string":1},"minecraft:custom":{"minecraft:time_since_rest":5040,"minecraft:open_chest":4,"minecraft:crouch_one_cm":55,"minecraft:play_time":5040,"minecraft:sprint_one_cm":4784,"minecraft:damage_taken":95,"minecraft:walk_one_cm":16221,"minecraft:sneak_time":51,"minecraft:walk_under_water_one_cm":884,"minecraft:drop":2,"minecraft:jump":148,"minecraft:leave_game":1,"minecraft:time_since_death":5040,"minecraft:walk_on_water_one_cm":546,"minecraft:total_world_time":5040,"minecraft:swim_one_cm":5902,"minecraft:fall_one_cm":6270,"minecraft:fly_one_cm":19193},"minecraft:mined":{"minecraft:grass":6,"minecraft:chest":2,"minecraft:dead_bush":4,"horror_element_mod:dead_pig":1},"minecraft:dropped":{"minecraft:wheat_seeds":1,"minecraft:string":1}},"DataVersion":3465}