{"stats":{"minecraft:broken":{"zombiekit:machete":1,"zombie_extreme:juggernaut_suit_boots":1},"minecraft:mined":{"minecraft:dark_oak_planks":3,"extinction:body_bag":1,"minecraft:white_bed":1,"minecraft:brewing_stand":1,"minecraft:grass_block":1,"minecraft:spruce_fence":1,"minecraft:spruce_leaves":5,"minecraft:hopper":11,"minecraft:red_mushroom":3,"horror_element_mod:broken_tv":1,"minecraft:large_fern":4,"minecraft:hay_block":36,"extinction:supply_drop":3,"minecraft:spore_blossom":2,"minecraft:fire":3,"minecraft:anvil":1,"minecraft:peony":1,"minecraft:big_dripleaf_stem":1,"minecraft:sculk_shrieker":1,"minecraft:dirt_path":1,"minecraft:vine":2,"minecraft:iron_bars":1,"minecraft:glass_pane":6,"farmersdelight:organic_compost":1,"minecraft:powder_snow":2,"minecraft:clay":4,"minecraft:crafting_table":1,"minecraft:chest":1,"minecraft:glass":2,"minecraft:tall_grass":48,"minecraft:oak_planks":1,"minecraft:sugar_cane":13,"horror_element_mod:trapped_leg":1,"minecraft:iron_door":1,"minecraft:pink_petals":2,"farmersdelight:wild_beetroots":3,"minecraft:wheat":5,"minecraft:sweet_berry_bush":2,"minecraft:smooth_stone_slab":1,"minecraft:grass":99,"minecraft:oak_log":3,"horror_element_mod:hospital_bed":1,"minecraft:gravel":1,"pointblank:workstation":6,"minecraft:cobweb":18,"minecraft:tripwire_hook":1,"minecraft:stone_bricks":1,"horror_element_mod:colonial_marine_body":1,"minecraft:oak_leaves":3,"minecraft:iron_trapdoor":1,"minecraft:fern":4},"minecraft:dropped":{"minecraft:bread":1,"minecraft:wheat_seeds":20,"minecraft:spore_blossom":1,"extinction:supply_drop":1,"minecraft:crafting_table":1,"extinction:survivor_costume_leggings":1,"minecraft:crossbow":1,"zombie_extreme:cloth":2,"zombie_extreme:crowbar":1,"zombie_extreme:rotten_apple":5,"zombie_extreme:soda_used":1,"apocalypsenow:letter_opener":1,"minecraft:mutton":4,"farmersdelight:organic_compost":1,"minecraft:map":3,"zombie_extreme:pipe":1,"minecraft:stonecutter":4,"minecraft:dark_oak_planks":2,"minecraft:sugar_cane":2,"minecraft:smooth_stone_slab":1,"minecraft:wheat":17,"minecraft:beetroot":1,"minecraft:rotten_flesh":6,"sophisticatedbackpacks:backpack":1,"minecraft:filled_map":1,"minecraft:potato":7,"zombie_extreme:bronze_nugget":1,"extinction:accessories_helmet":2,"zombie_extreme:golf_club":2,"minecraft:spruce_planks":9,"immersive_weathering:charred_planks":1,"zombie_extreme:butcher_knife":1,"minecraft:spruce_slab":16,"pointblank:workstation":1,"minecraft:beef":1,"minecraft:quartz":2,"minecraft:brick":1},"minecraft:killed":{"zombie_extreme:night_hunter":1,"minecraft:cod":6,"extinction:runner":1,"zombie_extreme:divided":1,"minecraft:skeleton":1,"extinction:soldier":2,"zombie_extreme:ram":2,"minecraft:tropical_fish":6,"extinction:runner_ii":2,"zombie_island:shambler_4":1,"extinction:mercenary":1,"minecraft:pig":2,"zombie_extreme:boomer":1,"zombie_extreme:infected":2,"minecraft:salmon":7,"apocalypsenow:soldiers":1,"minecraft:squid":2,"minecraft:sheep":3,"minecraft:pillager":2,"minecraft:zombie":3,"apocalypsenow:walker_12":1,"extinction:infected_soldier":1,"zombie_extreme:infected_police":2,"extinction:hunter":1,"zombie_extreme:assasin_black_ops":6,"zombie_island:caustic_x_walker":1,"minecraft:cow":9},"minecraft:used":{"zombie_extreme:butcher_knife":93,"zombie_extreme:cleaver":9,"minecraft:flint_and_steel":21,"minecraft:tropical_fish":5,"minecraft:spruce_slab":2,"minecraft:spruce_planks":5,"zombiekit:machete":24,"minecraft:iron_sword":129,"minecraft:cooked_salmon":6,"minecraft:rotten_flesh":1,"zombie_extreme:vodka":1,"minecraft:dark_oak_planks":5,"zombie_extreme:canned_stew":1,"pointblank:workstation":4,"minecraft:beef":5,"minecraft:sweet_berries":6,"minecraft:cooked_cod":6,"zombie_extreme:soda":1,"minecraft:egg":2,"minecraft:wheat_seeds":5,"zombie_extreme:fireaxe":4,"minecraft:baked_potato":4,"minecraft:oak_planks":6,"extinction:bread":1,"minecraft:stonecutter":1,"extinction:supply_drop":2,"zombie_extreme:chips":6,"farmersdelight:onion":4,"zombie_extreme:crowbar":35,"minecraft:crafting_table":4,"zombie_extreme:golf_club":5,"minecraft:white_bed":2,"minecraft:spruce_log":6,"apocalypsenow:scythe_knife":118,"minecraft:apple":8,"minecraft:iron_pickaxe":30,"minecraft:bread":31,"minecraft:map":1,"minecraft:iron_door":1,"minecraft:soul_lantern":1,"minecraft:porkchop":2,"apocalypsenow:letter_opener":8,"zombiekit:rake":1,"zombie_extreme:cat_food":4},"minecraft:killed_by":{"minecraft:player":1,"minecraft:zombie":2},"minecraft:crafted":{"minecraft:oak_planks":12,"minecraft:spruce_slab":12,"minecraft:dark_oak_planks":16,"immersive_weathering:charred_planks":1,"pointblank:ammo9mm":30,"minecraft:wheat":132,"minecraft:cooked_cod":6,"pointblank:glock17":1,"sophisticatedbackpacks:backpack":1,"minecraft:emerald":7,"minecraft:crafting_table":4,"minecraft:spruce_planks":24,"minecraft:cooked_salmon":8,"minecraft:air":0,"minecraft:paper":24,"minecraft:charcoal":8,"minecraft:white_bed":1},"minecraft:picked_up":{"minecraft:crafting_table":2,"minecraft:wheat":38,"apocalypsenow:letter_opener":1,"minecraft:clay_ball":16,"minecraft:anvil":1,"extinction:accessories_helmet":1,"minecraft:nether_brick":3,"minecraft:brewing_stand":1,"minecraft:string":16,"minecraft:smooth_stone_slab":1,"minecraft:beetroot":1,"minecraft:sea_pickle":4,"zombie_extreme:golf_club":1,"minecraft:spruce_planks":8,"minecraft:beef":16,"minecraft:spruce_slab":12,"minecraft:sugar_cane":29,"minecraft:chest":1,"pointblank:workstation":6,"minecraft:egg":2,"sophisticatedbackpacks:backpack":1,"minecraft:porkchop":3,"pointblank:gunmetal_nugget":61,"zombie_extreme:juggernaut_suit_boots":1,"minecraft:dark_oak_planks":3,"minecraft:arrow":17,"minecraft:rotten_flesh":14,"minecraft:tropical_fish":5,"minecraft:beetroot_seeds":3,"minecraft:hay_block":36,"zombie_extreme:rotten_apple":5,"minecraft:iron_bars":1,"minecraft:mutton":8,"minecraft:cod":6,"minecraft:white_wool":3,"minecraft:iron_door":1,"minecraft:salmon":7,"minecraft:leather":12,"minecraft:red_mushroom":3,"minecraft:flint":1,"minecraft:oak_log":3,"minecraft:map":6,"farmersdelight:organic_compost":1,"minecraft:bone":2,"minecraft:stonecutter":8,"minecraft:wheat_seeds":29,"minecraft:spore_blossom":1,"minecraft:iron_ingot":4,"extinction:canned_meat":1,"immersive_weathering:tallow":6,"extinction:survivor_costume_leggings":2,"extinction:marine_leggings":1,"minecraft:sweet_berries":4,"minecraft:quartz":2,"minecraft:ink_sac":6,"minecraft:white_bed":1,"extinction:supply_drop":3,"minecraft:baked_potato":4,"minecraft:hopper":11},"minecraft:custom":{"minecraft:interact_with_smithing_table":1,"minecraft:mob_kills":71,"minecraft:interact_with_anvil":1,"minecraft:inspect_hopper":3,"minecraft:interact_with_crafting_table":12,"minecraft:open_barrel":11,"minecraft:interact_with_campfire":8,"minecraft:time_since_death":8662,"minecraft:climb_one_cm":22373,"minecraft:sprint_one_cm":284839,"minecraft:walk_one_cm":528377,"minecraft:drop":66,"minecraft:talked_to_villager":47,"minecraft:play_time":124775,"minecraft:deaths":3,"minecraft:sneak_time":506,"minecraft:walk_under_water_one_cm":12253,"minecraft:jump":3469,"minecraft:walk_on_water_one_cm":30592,"minecraft:total_world_time":124775,"minecraft:interact_with_furnace":23,"minecraft:traded_with_villager":9,"minecraft:interact_with_cartography_table":1,"minecraft:interact_with_stonecutter":2,"minecraft:sleep_in_bed":4,"minecraft:time_since_rest":8690,"minecraft:damage_taken":3844,"minecraft:trigger_trapped_chest":2,"minecraft:damage_dealt":11018,"minecraft:swim_one_cm":91073,"minecraft:fly_one_cm":730826,"minecraft:open_chest":57,"minecraft:crouch_one_cm":623,"minecraft:interact_with_smoker":1,"minecraft:fall_one_cm":106362}},"DataVersion":3465}