{"stats":{"minecraft:crafted":{"minecraft:spruce_boat":1,"minecraft:spruce_planks":12,"minecraft:acacia_planks":8},"minecraft:dropped":{"apocalypsenow:dead_cockroach":1,"minecraft:wheat_seeds":8,"minecraft:cookie":1,"zombie_extreme:cloth":7,"zombie_extreme:crowbar":1,"zombie_extreme:rotten_apple":5,"zombie_extreme:soda_used":3,"minecraft:lily_pad":10,"minecraft:bone":4,"minecraft:white_tulip":1,"zombie_extreme:police_suit_chestplate":1,"minecraft:bowl":4,"minecraft:soul_lantern":1,"minecraft:pointed_dripstone":1,"apocalypsenow:anarchy_chestplate":1,"minecraft:filled_map":1,"extinction:military_humvee":1,"minecraft:spruce_planks":4,"minecraft:ladder":1,"minecraft:spider_eye":1,"minecraft:bamboo":40,"minecraft:arrow":3,"zombie_extreme:soda":1,"zombie_extreme:vodka":1},"minecraft:used":{"zombie_extreme:canned_soup":1,"zombie_extreme:butcher_knife":330,"minecraft:tropical_fish":2,"minecraft:spruce_planks":7,"minecraft:tinted_glass":1,"zombie_extreme:canned_food":1,"minecraft:iron_sword":83,"zombie_extreme:dead_body":1,"minecraft:rotten_flesh":40,"minecraft:dirt":9,"minecraft:mutton":2,"minecraft:spruce_boat":4,"zombie_extreme:dog_food":1,"horror_element_mod:villager_head":1,"apocalypsenow:hazmat_suit_helmet":4,"zombie_extreme:whiskey":1,"zombie_extreme:soda":3,"minecraft:acacia_planks":9,"zombie_extreme:fireaxe":35,"horror_element_mod:impaled_head":1,"minecraft:stonecutter":5,"zombie_extreme:chips":1,"minecraft:cookie":2,"minecraft:white_wool":2,"minecraft:sand":14,"minecraft:apple":2,"minecraft:melon_slice":25,"minecraft:leather_helmet":3,"zombie_extreme:pipe":210,"minecraft:porkchop":1,"apocalypsenow:human_flesh":1,"zombie_extreme:cat_food":1},"minecraft:picked_up":{"minecraft:ladder":1,"zombie_extreme:police_suit_chestplate":1,"minecraft:string":9,"apocalypsenow:bvd_assault_vest_chestplate":1,"extinction:fabric":2,"minecraft:spruce_planks":4,"minecraft:beef":3,"minecraft:white_tulip":1,"apocalypsenow:anarchy_chestplate":1,"minecraft:melon_slice":48,"zombie_extreme:oil_shale":2,"minecraft:tinted_glass":1,"minecraft:stick":4,"zombie_extreme:soda_used":2,"minecraft:acacia_log":2,"minecraft:bowl":3,"pointblank:gunmetal_nugget":69,"zombie_island:adhesive":1,"zombie_extreme:juggernaut_suit_boots":1,"minecraft:cookie":1,"minecraft:pointed_dripstone":2,"horror_element_mod:impaled_head":1,"minecraft:arrow":6,"minecraft:rotten_flesh":45,"minecraft:tropical_fish":2,"minecraft:decorated_pot":1,"zombie_extreme:rotten_apple":1,"minecraft:mutton":2,"minecraft:white_wool":3,"minecraft:leather":3,"minecraft:lily_pad":10,"horror_element_mod:villager_head":2,"minecraft:dirt":9,"zombie_extreme:dead_body":1,"minecraft:bone":7,"extinction:marine_chestplate":2,"minecraft:acacia_planks":1,"apocalypsenow:human_flesh":2,"minecraft:wheat_seeds":11,"zombie_extreme:cloth":2,"minecraft:bamboo":51,"extinction:canned_meat":1,"apocalypsenow:hazmat_suit_helmet":1,"minecraft:sand":14,"minecraft:stripped_spruce_log":2,"minecraft:spruce_log":1,"minecraft:spider_eye":2,"extinction:military_humvee":1,"minecraft:spruce_boat":3,"apocalypsenow:dead_cockroach":1},"minecraft:killed":{"zombie_extreme:night_hunter":1,"minecraft:spider":2,"zombie_extreme:infected_juggernaut":1,"extinction:parasite":1,"zombie_island:incendiary_walker":3,"zombie_extreme:revived":1,"zombie_extreme:clicker":1,"zombie_extreme:goon":1,"extinction:soldier":1,"apocalypsenow:walker_18":1,"minecraft:drowned":1,"extinction:infected_riot_gear":1,"minecraft:tropical_fish":2,"extinction:infected_hazmat":2,"extinction:infected_bear":1,"minecraft:zombie_villager":1,"extinction:infected_police":3,"zombie_extreme:zero_patient":1,"minecraft:sheep":2,"minecraft:zombie":12,"extinction:infected_soldier":3,"apocalypsenow:cockroach":1,"zombie_extreme:infected_police":4,"extinction:soldier_clicker":1,"zombie_extreme:assasin_black_ops":4,"zombie_island:caustic_x_walker":3,"zombie_island:shambler_2":1,"zombie_extreme:fetus":1,"zombie_island:walker_2":1,"minecraft:cow":1},"minecraft:custom":{"minecraft:mob_kills":65,"minecraft:interact_with_anvil":1,"minecraft:interact_with_crafting_table":4,"minecraft:open_barrel":7,"minecraft:leave_game":2,"minecraft:time_since_death":63848,"minecraft:climb_one_cm":15854,"minecraft:sprint_one_cm":127683,"minecraft:walk_one_cm":245776,"minecraft:drop":46,"minecraft:play_time":96306,"minecraft:deaths":8,"minecraft:sneak_time":5650,"minecraft:walk_under_water_one_cm":49029,"minecraft:jump":1705,"minecraft:walk_on_water_one_cm":92058,"minecraft:total_world_time":96306,"minecraft:interact_with_furnace":1,"minecraft:interact_with_stonecutter":1,"minecraft:time_since_rest":63875,"minecraft:damage_taken":20004086,"minecraft:trigger_trapped_chest":3,"minecraft:damage_dealt":16229,"minecraft:swim_one_cm":246071,"minecraft:fly_one_cm":351902,"minecraft:open_chest":25,"minecraft:crouch_one_cm":9704,"minecraft:interact_with_smoker":2,"minecraft:fall_one_cm":41249},"minecraft:broken":{"zombie_extreme:butcher_knife":1,"minecraft:iron_sword":1},"minecraft:mined":{"horror_element_mod:hanging_villager":1,"minecraft:ladder":1,"extinction:military_humvee":1,"minecraft:acacia_log":2,"minecraft:spruce_fence":2,"minecraft:decorated_pot":1,"zombie_extreme:dead_body":2,"minecraft:large_fern":2,"minecraft:tall_seagrass":1,"horror_element_mod:villager_head":2,"minecraft:fire":2,"minecraft:stripped_spruce_log":2,"minecraft:vine":2,"zombie_extreme:oil_shale_sand":2,"immersive_weathering:loam":4,"minecraft:bamboo":2,"extinction:sand_bags":1,"minecraft:white_tulip":1,"minecraft:white_wool":1,"horror_element_mod:spiked_body":1,"minecraft:podzol":4,"minecraft:acacia_leaves":1,"minecraft:glass_pane":5,"horror_element_mod:dead_pig":1,"minecraft:kelp_plant":4,"minecraft:melon":10,"minecraft:tall_grass":25,"horror_element_mod:impaled_head":1,"minecraft:seagrass":7,"minecraft:stripped_spruce_wood":2,"minecraft:tinted_glass":1,"horror_element_mod:spiked_villager":2,"minecraft:spruce_log":1,"minecraft:grass":70,"horror_element_mod:dead_cow":2,"minecraft:sand":14,"minecraft:cobweb":5,"minecraft:acacia_planks":1,"minecraft:fern":9}},"DataVersion":3465}