{"stats":{"minecraft:mined":{"minecraft:dark_oak_planks":1,"minecraft:white_bed":1,"minecraft:glass_pane":2,"farmersdelight:organic_compost":1,"minecraft:crafting_table":1,"minecraft:tall_grass":8,"minecraft:spruce_leaves":1,"minecraft:red_mushroom":3,"minecraft:sugar_cane":12,"minecraft:oak_planks":1,"horror_element_mod:trapped_leg":1,"minecraft:large_fern":1,"extinction:supply_drop":3,"minecraft:hay_block":15,"farmersdelight:wild_beetroots":3,"minecraft:wheat":5,"minecraft:sweet_berry_bush":2,"minecraft:grass":28,"minecraft:oak_log":3,"pointblank:workstation":5,"minecraft:cobweb":16,"minecraft:fern":1},"minecraft:dropped":{"minecraft:sugar_cane":2,"minecraft:wheat_seeds":11,"minecraft:beetroot":1,"zombie_extreme:cloth":2,"zombie_extreme:soda_used":1,"zombie_extreme:bronze_nugget":1,"minecraft:mutton":4,"farmersdelight:organic_compost":1,"minecraft:spruce_slab":12,"minecraft:beef":1,"minecraft:dark_oak_planks":1,"minecraft:brick":1},"minecraft:killed":{"minecraft:pig":1,"zombie_extreme:infected":2,"zombie_extreme:night_hunter":1,"minecraft:squid":2,"minecraft:sheep":3,"minecraft:pillager":1,"extinction:infected_soldier":1,"zombie_extreme:ram":1,"zombie_extreme:infected_police":2,"zombie_extreme:assasin_black_ops":3,"minecraft:cow":6},"minecraft:used":{"minecraft:wheat_seeds":5,"zombie_extreme:butcher_knife":93,"zombie_extreme:cleaver":9,"minecraft:oak_planks":6,"extinction:supply_drop":2,"zombie_extreme:chips":6,"zombie_extreme:crowbar":35,"minecraft:crafting_table":3,"minecraft:white_bed":1,"apocalypsenow:scythe_knife":28,"minecraft:dark_oak_planks":1,"minecraft:bread":8,"zombie_extreme:canned_stew":1,"pointblank:workstation":4,"zombie_extreme:soda":1,"minecraft:egg":2,"zombie_extreme:cat_food":2},"minecraft:crafted":{"pointblank:glock17":1,"minecraft:oak_planks":12,"minecraft:emerald":7,"minecraft:crafting_table":2,"minecraft:spruce_planks":8,"minecraft:air":0,"minecraft:paper":24,"minecraft:spruce_slab":6,"minecraft:white_bed":1,"minecraft:dark_oak_planks":4,"pointblank:ammo9mm":30,"minecraft:wheat":123},"minecraft:custom":{"minecraft:interact_with_furnace":1,"minecraft:mob_kills":23,"minecraft:traded_with_villager":9,"minecraft:interact_with_cartography_table":1,"minecraft:interact_with_crafting_table":3,"minecraft:interact_with_campfire":4,"minecraft:time_since_death":40775,"minecraft:sleep_in_bed":2,"minecraft:climb_one_cm":6680,"minecraft:time_since_rest":10715,"minecraft:sprint_one_cm":92102,"minecraft:damage_taken":482,"minecraft:walk_one_cm":144702,"minecraft:drop":19,"minecraft:damage_dealt":4417,"minecraft:swim_one_cm":55199,"minecraft:talked_to_villager":34,"minecraft:fly_one_cm":271113,"minecraft:open_chest":25,"minecraft:crouch_one_cm":109,"minecraft:play_time":40775,"minecraft:sneak_time":202,"minecraft:walk_under_water_one_cm":5595,"minecraft:jump":1112,"minecraft:walk_on_water_one_cm":11352,"minecraft:total_world_time":40775,"minecraft:fall_one_cm":37103},"minecraft:picked_up":{"minecraft:crafting_table":1,"minecraft:wheat":4,"minecraft:leather":7,"minecraft:red_mushroom":3,"minecraft:oak_log":3,"minecraft:string":15,"farmersdelight:organic_compost":1,"minecraft:beetroot":1,"minecraft:wheat_seeds":17,"minecraft:beef":11,"minecraft:spruce_slab":12,"minecraft:sugar_cane":26,"pointblank:workstation":5,"immersive_weathering:tallow":3,"minecraft:egg":2,"extinction:marine_leggings":1,"minecraft:sweet_berries":4,"pointblank:gunmetal_nugget":22,"minecraft:porkchop":1,"minecraft:ink_sac":6,"minecraft:white_bed":1,"minecraft:dark_oak_planks":1,"minecraft:beetroot_seeds":3,"minecraft:hay_block":15,"extinction:supply_drop":3,"minecraft:mutton":8,"minecraft:white_wool":3}},"DataVersion":3465}