{"stats":{"minecraft:used":{"minecraft:rotten_flesh":4,"minecraft:dirt":8,"minecraft:chest":2,"zombie_extreme:rotten_apple":1,"zombie_extreme:frying_pan":1},"minecraft:picked_up":{"minecraft:stick":7,"minecraft:rotten_flesh":4,"minecraft:decorated_pot":1,"minecraft:wheat_seeds":1,"minecraft:dirt":11,"minecraft:chest":2,"minecraft:string":1},"minecraft:custom":{"minecraft:time_since_rest":924,"minecraft:open_chest":4,"minecraft:crouch_one_cm":55,"minecraft:play_time":9204,"minecraft:sprint_one_cm":9959,"minecraft:deaths":1,"minecraft:damage_taken":335,"minecraft:walk_one_cm":29808,"minecraft:sneak_time":52,"minecraft:walk_under_water_one_cm":884,"minecraft:drop":5,"minecraft:jump":305,"minecraft:damage_dealt":44,"minecraft:leave_game":1,"minecraft:walk_on_water_one_cm":546,"minecraft:time_since_death":890,"minecraft:climb_one_cm":366,"minecraft:total_world_time":9204,"minecraft:swim_one_cm":5902,"minecraft:fall_one_cm":9245,"minecraft:fly_one_cm":41745},"minecraft:mined":{"minecraft:grass":12,"minecraft:grass_block":6,"minecraft:decorated_pot":1,"minecraft:chest":2,"minecraft:dead_bush":6,"dynamictrees:oak_undergrowth_leaves":3,"minecraft:dirt":2,"horror_element_mod:dead_pig":1,"minecraft:tall_grass":4,"dtterralith:oak_twiglet_leaves":1},"minecraft:dropped":{"minecraft:dirt":3,"minecraft:wheat_seeds":1,"minecraft:string":1}},"DataVersion":3465}