{"stats":{"minecraft:mined":{"minecraft:dark_oak_planks":2,"minecraft:white_bed":1,"minecraft:glass_pane":4,"farmersdelight:organic_compost":1,"minecraft:crafting_table":1,"minecraft:grass_block":1,"minecraft:tall_grass":19,"minecraft:spruce_leaves":1,"minecraft:red_mushroom":3,"minecraft:sugar_cane":12,"minecraft:oak_planks":1,"horror_element_mod:trapped_leg":1,"minecraft:large_fern":1,"extinction:supply_drop":3,"minecraft:hay_block":15,"farmersdelight:wild_beetroots":3,"minecraft:wheat":5,"minecraft:sweet_berry_bush":2,"minecraft:grass":38,"minecraft:oak_log":3,"pointblank:workstation":5,"minecraft:cobweb":17,"minecraft:fern":1},"minecraft:dropped":{"minecraft:sugar_cane":2,"minecraft:wheat_seeds":15,"extinction:supply_drop":1,"minecraft:crossbow":1,"minecraft:beetroot":1,"zombie_extreme:cloth":2,"zombie_extreme:crowbar":1,"zombie_extreme:soda_used":1,"zombie_extreme:bronze_nugget":1,"apocalypsenow:letter_opener":1,"minecraft:mutton":4,"farmersdelight:organic_compost":1,"zombie_extreme:butcher_knife":1,"zombie_extreme:pipe":1,"minecraft:spruce_slab":12,"pointblank:workstation":1,"minecraft:beef":1,"minecraft:dark_oak_planks":1,"minecraft:brick":1},"minecraft:killed":{"extinction:mercenary":1,"minecraft:pig":1,"zombie_extreme:infected":2,"zombie_extreme:night_hunter":1,"apocalypsenow:soldiers":1,"minecraft:squid":2,"minecraft:sheep":3,"minecraft:pillager":1,"extinction:infected_soldier":1,"zombie_extreme:ram":2,"zombie_extreme:infected_police":2,"zombie_extreme:assasin_black_ops":3,"minecraft:cow":6},"minecraft:used":{"minecraft:wheat_seeds":5,"zombie_extreme:butcher_knife":93,"zombie_extreme:cleaver":9,"minecraft:oak_planks":6,"extinction:supply_drop":2,"zombie_extreme:chips":6,"zombie_extreme:crowbar":35,"minecraft:crafting_table":3,"minecraft:white_bed":1,"apocalypsenow:scythe_knife":70,"minecraft:dark_oak_planks":4,"minecraft:bread":17,"zombie_extreme:canned_stew":1,"pointblank:workstation":4,"apocalypsenow:letter_opener":1,"zombie_extreme:soda":1,"minecraft:egg":2,"zombie_extreme:cat_food":2},"minecraft:crafted":{"pointblank:glock17":1,"minecraft:oak_planks":12,"minecraft:emerald":7,"minecraft:crafting_table":3,"minecraft:spruce_planks":8,"minecraft:air":0,"minecraft:paper":24,"minecraft:spruce_slab":6,"minecraft:white_bed":1,"minecraft:dark_oak_planks":8,"pointblank:ammo9mm":30,"minecraft:wheat":132},"minecraft:custom":{"minecraft:interact_with_furnace":1,"minecraft:mob_kills":26,"minecraft:traded_with_villager":9,"minecraft:interact_with_cartography_table":1,"minecraft:interact_with_crafting_table":3,"minecraft:interact_with_campfire":4,"minecraft:time_since_death":52775,"minecraft:sleep_in_bed":2,"minecraft:climb_one_cm":6801,"minecraft:time_since_rest":22715,"minecraft:sprint_one_cm":125697,"minecraft:damage_taken":897,"minecraft:walk_one_cm":202017,"minecraft:drop":30,"minecraft:damage_dealt":5253,"minecraft:swim_one_cm":58611,"minecraft:talked_to_villager":34,"minecraft:fly_one_cm":358633,"minecraft:open_chest":26,"minecraft:crouch_one_cm":155,"minecraft:play_time":52775,"minecraft:sneak_time":242,"minecraft:walk_under_water_one_cm":5902,"minecraft:jump":1531,"minecraft:walk_on_water_one_cm":12624,"minecraft:total_world_time":52775,"minecraft:fall_one_cm":45754},"minecraft:picked_up":{"apocalypsenow:letter_opener":1,"minecraft:crafting_table":1,"minecraft:wheat":4,"minecraft:leather":7,"minecraft:red_mushroom":3,"minecraft:oak_log":3,"minecraft:string":16,"farmersdelight:organic_compost":1,"minecraft:beetroot":1,"minecraft:wheat_seeds":24,"minecraft:iron_ingot":1,"minecraft:beef":11,"minecraft:spruce_slab":12,"minecraft:sugar_cane":26,"pointblank:workstation":5,"immersive_weathering:tallow":3,"minecraft:egg":2,"extinction:marine_leggings":1,"minecraft:sweet_berries":4,"pointblank:gunmetal_nugget":25,"minecraft:porkchop":1,"minecraft:ink_sac":6,"minecraft:white_bed":1,"minecraft:dark_oak_planks":2,"minecraft:beetroot_seeds":3,"minecraft:hay_block":15,"extinction:supply_drop":3,"minecraft:mutton":8,"minecraft:white_wool":3}},"DataVersion":3465}