{"stats":{"minecraft:mined":{"extinction:supply_drop":2,"farmersdelight:wild_beetroots":3,"minecraft:white_bed":1,"minecraft:crafting_table":1,"minecraft:grass":6,"minecraft:oak_log":3,"minecraft:cobweb":16,"minecraft:tall_grass":7,"minecraft:oak_planks":1,"minecraft:spruce_leaves":1,"minecraft:sugar_cane":7,"minecraft:red_mushroom":3,"horror_element_mod:trapped_leg":1},"minecraft:dropped":{"zombie_extreme:bronze_nugget":1,"minecraft:wheat_seeds":1,"minecraft:spruce_slab":12},"minecraft:used":{"zombie_extreme:butcher_knife":37,"zombie_extreme:cleaver":9,"minecraft:oak_planks":5,"extinction:supply_drop":1,"zombie_extreme:chips":2,"zombie_extreme:crowbar":20,"minecraft:crafting_table":2,"minecraft:white_bed":1,"zombie_extreme:cat_food":2},"minecraft:killed":{"minecraft:sheep":3,"zombie_extreme:infected_police":2,"zombie_extreme:assasin_black_ops":2,"minecraft:squid":2,"minecraft:cow":2},"minecraft:crafted":{"minecraft:oak_planks":12,"minecraft:paper":9,"minecraft:crafting_table":1,"minecraft:spruce_slab":6,"minecraft:spruce_planks":8,"minecraft:white_bed":1},"minecraft:picked_up":{"minecraft:crafting_table":1,"minecraft:leather":4,"minecraft:red_mushroom":3,"minecraft:oak_log":3,"minecraft:white_bed":1,"minecraft:ink_sac":6,"minecraft:string":15,"minecraft:beetroot":1,"minecraft:beetroot_seeds":3,"minecraft:wheat_seeds":1,"minecraft:beef":4,"extinction:supply_drop":2,"minecraft:spruce_slab":12,"minecraft:sugar_cane":11,"minecraft:mutton":6,"minecraft:white_wool":3},"minecraft:custom":{"minecraft:time_since_rest":314,"minecraft:interact_with_furnace":1,"minecraft:sprint_one_cm":30088,"minecraft:damage_taken":70,"minecraft:walk_one_cm":49818,"minecraft:mob_kills":11,"minecraft:drop":4,"minecraft:damage_dealt":1302,"minecraft:interact_with_crafting_table":2,"minecraft:swim_one_cm":38901,"minecraft:talked_to_villager":6,"minecraft:fly_one_cm":74782,"minecraft:open_chest":11,"minecraft:play_time":16775,"minecraft:interact_with_campfire":4,"minecraft:sneak_time":114,"minecraft:walk_under_water_one_cm":4157,"minecraft:jump":399,"minecraft:walk_on_water_one_cm":5728,"minecraft:time_since_death":16775,"minecraft:sleep_in_bed":1,"minecraft:climb_one_cm":6680,"minecraft:total_world_time":16775,"minecraft:fall_one_cm":14406}},"DataVersion":3465}