{"stats":{"minecraft:crafted":{"minecraft:acacia_planks":8},"minecraft:dropped":{"minecraft:wheat_seeds":3,"minecraft:bowl":4,"minecraft:pointed_dripstone":1,"minecraft:cookie":1,"zombie_extreme:crowbar":1,"zombie_extreme:soda_used":2,"minecraft:ladder":1,"minecraft:bamboo":40},"minecraft:used":{"zombie_extreme:butcher_knife":4,"minecraft:tropical_fish":2,"horror_element_mod:impaled_head":1,"zombie_extreme:canned_food":1,"minecraft:tinted_glass":1,"minecraft:iron_sword":83,"zombie_extreme:dead_body":1,"minecraft:stonecutter":2,"minecraft:rotten_flesh":25,"zombie_extreme:chips":1,"minecraft:cookie":2,"minecraft:white_wool":2,"minecraft:dirt":9,"minecraft:mutton":2,"minecraft:apple":1,"minecraft:melon_slice":25,"horror_element_mod:villager_head":1,"zombie_extreme:whiskey":1,"zombie_extreme:pipe":187,"minecraft:porkchop":1,"zombie_extreme:soda":1,"apocalypsenow:human_flesh":1,"minecraft:acacia_planks":9,"zombie_extreme:cat_food":1},"minecraft:picked_up":{"minecraft:ladder":1,"minecraft:leather":1,"horror_element_mod:villager_head":2,"minecraft:string":7,"minecraft:dirt":9,"zombie_extreme:dead_body":1,"extinction:fabric":1,"minecraft:bone":3,"extinction:marine_chestplate":2,"minecraft:acacia_planks":1,"minecraft:wheat_seeds":4,"apocalypsenow:human_flesh":2,"minecraft:beef":3,"zombie_extreme:cloth":2,"minecraft:bamboo":51,"zombie_extreme:oil_shale":2,"minecraft:tinted_glass":1,"minecraft:melon_slice":48,"minecraft:stick":4,"zombie_extreme:soda_used":1,"minecraft:bowl":3,"minecraft:acacia_log":2,"pointblank:gunmetal_nugget":31,"zombie_island:adhesive":1,"zombie_extreme:juggernaut_suit_boots":1,"minecraft:cookie":1,"minecraft:pointed_dripstone":2,"horror_element_mod:impaled_head":1,"minecraft:rotten_flesh":32,"minecraft:arrow":3,"minecraft:tropical_fish":2,"zombie_extreme:rotten_apple":1,"minecraft:mutton":2,"minecraft:white_wool":3},"minecraft:killed":{"minecraft:spider":1,"zombie_extreme:infected_juggernaut":1,"extinction:infected_police":1,"extinction:parasite":1,"zombie_island:incendiary_walker":2,"minecraft:sheep":2,"zombie_extreme:clicker":1,"extinction:soldier":1,"extinction:infected_soldier":3,"zombie_extreme:infected_police":1,"apocalypsenow:walker_18":1,"minecraft:drowned":1,"zombie_island:shambler_2":1,"minecraft:tropical_fish":2,"extinction:infected_hazmat":1,"minecraft:cow":1},"minecraft:custom":{"minecraft:interact_with_furnace":1,"minecraft:interact_with_anvil":1,"minecraft:mob_kills":21,"minecraft:interact_with_crafting_table":1,"minecraft:open_barrel":1,"minecraft:leave_game":2,"minecraft:time_since_death":21848,"minecraft:climb_one_cm":10772,"minecraft:time_since_rest":21875,"minecraft:sprint_one_cm":57645,"minecraft:damage_taken":20003761,"minecraft:walk_one_cm":150417,"minecraft:trigger_trapped_chest":2,"minecraft:drop":14,"minecraft:damage_dealt":4837,"minecraft:swim_one_cm":228895,"minecraft:fly_one_cm":139072,"minecraft:open_chest":13,"minecraft:crouch_one_cm":5270,"minecraft:play_time":54306,"minecraft:sneak_time":1996,"minecraft:deaths":8,"minecraft:walk_under_water_one_cm":36913,"minecraft:jump":859,"minecraft:walk_on_water_one_cm":57283,"minecraft:total_world_time":54306,"minecraft:interact_with_smoker":2,"minecraft:fall_one_cm":20396},"minecraft:broken":{"minecraft:iron_sword":1},"minecraft:mined":{"minecraft:podzol":4,"horror_element_mod:spiked_body":1,"horror_element_mod:dead_pig":1,"minecraft:kelp_plant":4,"horror_element_mod:hanging_villager":1,"minecraft:ladder":1,"minecraft:acacia_log":2,"minecraft:melon":10,"zombie_extreme:dead_body":2,"minecraft:tall_grass":4,"horror_element_mod:impaled_head":1,"minecraft:large_fern":2,"minecraft:seagrass":7,"minecraft:tall_seagrass":1,"horror_element_mod:villager_head":2,"minecraft:tinted_glass":1,"horror_element_mod:spiked_villager":2,"minecraft:fire":1,"minecraft:grass":27,"horror_element_mod:dead_cow":2,"zombie_extreme:oil_shale_sand":2,"minecraft:vine":2,"immersive_weathering:loam":4,"minecraft:cobweb":5,"minecraft:bamboo":2,"minecraft:acacia_planks":1,"minecraft:white_wool":1,"minecraft:fern":4}},"DataVersion":3465}