{"stats":{"minecraft:broken":{"zombie_extreme:juggernaut_suit_boots":1},"minecraft:mined":{"minecraft:dark_oak_planks":2,"minecraft:white_bed":1,"minecraft:glass_pane":4,"farmersdelight:organic_compost":1,"minecraft:crafting_table":1,"minecraft:grass_block":1,"minecraft:tall_grass":27,"minecraft:spruce_leaves":1,"minecraft:red_mushroom":3,"minecraft:sugar_cane":13,"minecraft:oak_planks":1,"horror_element_mod:trapped_leg":1,"minecraft:large_fern":1,"extinction:supply_drop":3,"minecraft:hay_block":21,"farmersdelight:wild_beetroots":3,"minecraft:fire":3,"minecraft:wheat":5,"minecraft:sweet_berry_bush":2,"minecraft:grass":58,"minecraft:sculk_shrieker":1,"minecraft:vine":2,"minecraft:oak_log":3,"pointblank:workstation":5,"minecraft:cobweb":17,"minecraft:fern":1},"minecraft:dropped":{"minecraft:bread":1,"minecraft:sugar_cane":2,"minecraft:wheat_seeds":18,"extinction:supply_drop":1,"minecraft:crafting_table":1,"minecraft:crossbow":1,"minecraft:beetroot":1,"minecraft:rotten_flesh":2,"zombie_extreme:cloth":2,"zombie_extreme:crowbar":1,"zombie_extreme:rotten_apple":5,"minecraft:filled_map":1,"minecraft:potato":7,"zombie_extreme:soda_used":1,"zombie_extreme:bronze_nugget":1,"apocalypsenow:letter_opener":1,"minecraft:mutton":4,"farmersdelight:organic_compost":1,"zombie_extreme:butcher_knife":1,"zombie_extreme:pipe":1,"minecraft:spruce_slab":12,"pointblank:workstation":1,"minecraft:beef":1,"minecraft:dark_oak_planks":1,"minecraft:brick":1},"minecraft:killed":{"extinction:mercenary":1,"minecraft:pig":2,"zombie_extreme:infected":2,"zombie_extreme:night_hunter":1,"minecraft:salmon":2,"minecraft:cod":2,"apocalypsenow:soldiers":1,"minecraft:squid":2,"minecraft:sheep":3,"minecraft:pillager":2,"extinction:soldier":1,"extinction:infected_soldier":1,"zombie_extreme:ram":2,"zombie_extreme:infected_police":2,"zombie_extreme:assasin_black_ops":3,"minecraft:tropical_fish":5,"minecraft:cow":9},"minecraft:used":{"minecraft:wheat_seeds":5,"zombie_extreme:butcher_knife":93,"zombie_extreme:cleaver":9,"minecraft:flint_and_steel":16,"minecraft:baked_potato":4,"minecraft:oak_planks":6,"extinction:bread":1,"zombiekit:machete":9,"extinction:supply_drop":2,"zombie_extreme:vodka":1,"zombie_extreme:chips":6,"zombie_extreme:crowbar":35,"minecraft:crafting_table":3,"zombie_extreme:golf_club":5,"minecraft:white_bed":2,"apocalypsenow:scythe_knife":118,"minecraft:dark_oak_planks":4,"minecraft:map":1,"minecraft:bread":22,"zombie_extreme:canned_stew":1,"pointblank:workstation":4,"minecraft:beef":5,"minecraft:sweet_berries":6,"minecraft:porkchop":2,"apocalypsenow:letter_opener":8,"zombie_extreme:soda":1,"zombiekit:rake":1,"minecraft:egg":2,"zombie_extreme:cat_food":2},"minecraft:killed_by":{"minecraft:player":1},"minecraft:crafted":{"pointblank:glock17":1,"minecraft:oak_planks":12,"minecraft:emerald":7,"minecraft:crafting_table":3,"minecraft:spruce_planks":8,"minecraft:air":0,"minecraft:paper":24,"minecraft:spruce_slab":6,"minecraft:white_bed":1,"minecraft:dark_oak_planks":16,"pointblank:ammo9mm":30,"minecraft:wheat":132},"minecraft:custom":{"minecraft:interact_with_furnace":5,"minecraft:interact_with_anvil":1,"minecraft:mob_kills":43,"minecraft:traded_with_villager":9,"minecraft:interact_with_cartography_table":1,"minecraft:interact_with_crafting_table":5,"minecraft:open_barrel":6,"minecraft:interact_with_campfire":8,"minecraft:time_since_death":11863,"minecraft:sleep_in_bed":3,"minecraft:climb_one_cm":9781,"minecraft:time_since_rest":11888,"minecraft:sprint_one_cm":177039,"minecraft:damage_taken":1723,"minecraft:walk_one_cm":325172,"minecraft:drop":42,"minecraft:damage_dealt":6619,"minecraft:swim_one_cm":80002,"minecraft:talked_to_villager":41,"minecraft:fly_one_cm":502680,"minecraft:open_chest":30,"minecraft:crouch_one_cm":155,"minecraft:play_time":76775,"minecraft:deaths":1,"minecraft:sneak_time":273,"minecraft:walk_under_water_one_cm":10057,"minecraft:jump":2176,"minecraft:walk_on_water_one_cm":24675,"minecraft:interact_with_smoker":1,"minecraft:total_world_time":76775,"minecraft:fall_one_cm":61420},"minecraft:picked_up":{"apocalypsenow:letter_opener":1,"minecraft:crafting_table":2,"minecraft:wheat":4,"minecraft:leather":11,"minecraft:red_mushroom":3,"minecraft:oak_log":3,"minecraft:string":16,"farmersdelight:organic_compost":1,"minecraft:beetroot":1,"minecraft:wheat_seeds":27,"minecraft:iron_ingot":1,"minecraft:beef":16,"minecraft:spruce_slab":12,"minecraft:sugar_cane":29,"pointblank:workstation":5,"immersive_weathering:tallow":6,"minecraft:egg":2,"extinction:marine_leggings":1,"minecraft:sweet_berries":4,"pointblank:gunmetal_nugget":28,"minecraft:porkchop":3,"zombie_extreme:juggernaut_suit_boots":1,"minecraft:ink_sac":6,"minecraft:white_bed":1,"minecraft:dark_oak_planks":2,"minecraft:rotten_flesh":2,"minecraft:beetroot_seeds":3,"minecraft:hay_block":21,"zombie_extreme:rotten_apple":5,"extinction:supply_drop":3,"minecraft:baked_potato":4,"minecraft:mutton":8,"minecraft:white_wool":3}},"DataVersion":3465}