{"stats":{"minecraft:crafted":{"minecraft:spruce_planks":12,"minecraft:spruce_boat":1,"minecraft:acacia_planks":8},"minecraft:dropped":{"zombie_extreme:police_suit_chestplate":1,"minecraft:wheat_seeds":3,"minecraft:bowl":4,"apocalypsenow:anarchy_chestplate":1,"minecraft:soul_lantern":1,"minecraft:pointed_dripstone":1,"minecraft:cookie":1,"zombie_extreme:cloth":7,"zombie_extreme:crowbar":1,"zombie_extreme:rotten_apple":5,"zombie_extreme:soda_used":2,"minecraft:spruce_planks":4,"minecraft:ladder":1,"minecraft:arrow":3,"minecraft:bamboo":40,"zombie_extreme:soda":1,"minecraft:lily_pad":10,"zombie_extreme:vodka":1,"minecraft:bone":3},"minecraft:used":{"zombie_extreme:canned_soup":1,"zombie_extreme:butcher_knife":264,"zombie_extreme:fireaxe":35,"minecraft:tropical_fish":2,"horror_element_mod:impaled_head":1,"minecraft:spruce_planks":7,"zombie_extreme:canned_food":1,"minecraft:tinted_glass":1,"minecraft:iron_sword":83,"zombie_extreme:dead_body":1,"minecraft:stonecutter":2,"minecraft:rotten_flesh":34,"zombie_extreme:chips":1,"minecraft:cookie":2,"minecraft:white_wool":2,"minecraft:sand":14,"minecraft:dirt":9,"minecraft:mutton":2,"minecraft:spruce_boat":2,"minecraft:apple":1,"minecraft:leather_helmet":3,"minecraft:melon_slice":25,"horror_element_mod:villager_head":1,"apocalypsenow:hazmat_suit_helmet":4,"zombie_extreme:whiskey":1,"zombie_extreme:pipe":187,"minecraft:porkchop":1,"zombie_extreme:soda":2,"apocalypsenow:human_flesh":1,"minecraft:acacia_planks":9,"zombie_extreme:cat_food":1},"minecraft:picked_up":{"minecraft:ladder":1,"minecraft:leather":1,"zombie_extreme:police_suit_chestplate":1,"minecraft:lily_pad":10,"horror_element_mod:villager_head":2,"minecraft:string":7,"minecraft:dirt":9,"apocalypsenow:bvd_assault_vest_chestplate":1,"zombie_extreme:dead_body":1,"extinction:fabric":2,"minecraft:bone":7,"extinction:marine_chestplate":2,"minecraft:acacia_planks":1,"minecraft:wheat_seeds":4,"apocalypsenow:human_flesh":2,"minecraft:spruce_planks":4,"minecraft:beef":3,"apocalypsenow:anarchy_chestplate":1,"zombie_extreme:cloth":2,"minecraft:bamboo":51,"zombie_extreme:oil_shale":2,"minecraft:tinted_glass":1,"minecraft:melon_slice":48,"extinction:canned_meat":1,"minecraft:stick":4,"zombie_extreme:soda_used":1,"minecraft:bowl":3,"minecraft:acacia_log":2,"apocalypsenow:hazmat_suit_helmet":1,"minecraft:sand":14,"pointblank:gunmetal_nugget":69,"zombie_island:adhesive":1,"zombie_extreme:juggernaut_suit_boots":1,"minecraft:stripped_spruce_log":2,"minecraft:cookie":1,"minecraft:pointed_dripstone":2,"minecraft:spruce_log":1,"horror_element_mod:impaled_head":1,"minecraft:rotten_flesh":44,"minecraft:arrow":6,"minecraft:spruce_boat":2,"minecraft:tropical_fish":2,"minecraft:decorated_pot":1,"zombie_extreme:rotten_apple":1,"minecraft:mutton":2,"minecraft:white_wool":3},"minecraft:killed":{"minecraft:zombie_villager":1,"extinction:infected_bear":1,"zombie_extreme:night_hunter":1,"minecraft:spider":1,"zombie_extreme:infected_juggernaut":1,"extinction:infected_police":2,"extinction:parasite":1,"zombie_extreme:zero_patient":1,"zombie_island:incendiary_walker":2,"minecraft:sheep":2,"zombie_extreme:revived":1,"zombie_extreme:clicker":1,"zombie_extreme:goon":1,"minecraft:zombie":12,"extinction:soldier":1,"extinction:infected_soldier":3,"zombie_extreme:infected_police":3,"apocalypsenow:walker_18":1,"minecraft:drowned":1,"zombie_extreme:assasin_black_ops":4,"zombie_island:caustic_x_walker":1,"extinction:infected_riot_gear":1,"zombie_island:shambler_2":1,"minecraft:tropical_fish":2,"zombie_island:walker_2":1,"extinction:infected_hazmat":2,"minecraft:cow":1},"minecraft:custom":{"minecraft:interact_with_furnace":1,"minecraft:interact_with_anvil":1,"minecraft:mob_kills":53,"minecraft:interact_with_crafting_table":4,"minecraft:open_barrel":7,"minecraft:leave_game":2,"minecraft:time_since_death":45848,"minecraft:climb_one_cm":11742,"minecraft:time_since_rest":45875,"minecraft:sprint_one_cm":87625,"minecraft:damage_taken":20003906,"minecraft:walk_one_cm":197100,"minecraft:trigger_trapped_chest":2,"minecraft:drop":34,"minecraft:damage_dealt":13991,"minecraft:swim_one_cm":233932,"minecraft:fly_one_cm":212670,"minecraft:open_chest":21,"minecraft:crouch_one_cm":9486,"minecraft:play_time":78306,"minecraft:sneak_time":5493,"minecraft:deaths":8,"minecraft:walk_under_water_one_cm":41565,"minecraft:jump":1178,"minecraft:walk_on_water_one_cm":80148,"minecraft:total_world_time":78306,"minecraft:interact_with_smoker":2,"minecraft:fall_one_cm":27596},"minecraft:broken":{"minecraft:iron_sword":1},"minecraft:mined":{"minecraft:podzol":4,"horror_element_mod:spiked_body":1,"minecraft:glass_pane":4,"horror_element_mod:dead_pig":1,"minecraft:kelp_plant":4,"horror_element_mod:hanging_villager":1,"minecraft:ladder":1,"minecraft:spruce_fence":2,"minecraft:acacia_log":2,"minecraft:decorated_pot":1,"minecraft:melon":10,"zombie_extreme:dead_body":2,"minecraft:tall_grass":4,"horror_element_mod:impaled_head":1,"minecraft:large_fern":2,"minecraft:seagrass":7,"minecraft:tall_seagrass":1,"horror_element_mod:villager_head":2,"minecraft:stripped_spruce_wood":2,"minecraft:tinted_glass":1,"horror_element_mod:spiked_villager":2,"minecraft:fire":1,"minecraft:spruce_log":1,"minecraft:stripped_spruce_log":2,"minecraft:grass":30,"horror_element_mod:dead_cow":2,"zombie_extreme:oil_shale_sand":2,"minecraft:vine":2,"immersive_weathering:loam":4,"minecraft:sand":14,"minecraft:cobweb":5,"minecraft:bamboo":2,"minecraft:acacia_planks":1,"minecraft:white_wool":1,"minecraft:fern":4}},"DataVersion":3465}