{"stats":{"minecraft:used":{"minecraft:melon_slice":2,"apocalypsenow:human_flesh":1},"minecraft:picked_up":{"zombie_extreme:oil_shale":2,"minecraft:melon_slice":22,"apocalypsenow:human_flesh":2},"minecraft:custom":{"minecraft:jump":29,"minecraft:time_since_rest":783,"minecraft:sprint_one_cm":1622,"minecraft:deaths":2,"minecraft:play_time":1996,"minecraft:damage_taken":950,"minecraft:time_since_death":757,"minecraft:walk_one_cm":9341,"minecraft:climb_one_cm":214,"minecraft:total_world_time":1996,"minecraft:fall_one_cm":792,"minecraft:fly_one_cm":5371},"minecraft:mined":{"minecraft:grass":3,"minecraft:melon":4,"zombie_extreme:oil_shale_sand":2}},"DataVersion":3465}