{"stats":{"minecraft:crafted":{"minecraft:acacia_planks":8},"minecraft:dropped":{"minecraft:wheat_seeds":3,"minecraft:bowl":1,"minecraft:pointed_dripstone":1,"minecraft:cookie":1,"zombie_extreme:crowbar":1,"zombie_extreme:soda_used":2,"minecraft:ladder":1,"minecraft:bamboo":40},"minecraft:used":{"minecraft:tropical_fish":2,"minecraft:tinted_glass":1,"zombie_extreme:canned_food":1,"minecraft:iron_sword":83,"minecraft:rotten_flesh":24,"zombie_extreme:chips":1,"minecraft:cookie":2,"minecraft:white_wool":2,"minecraft:dirt":9,"minecraft:melon_slice":16,"horror_element_mod:villager_head":1,"zombie_extreme:pipe":186,"zombie_extreme:soda":1,"apocalypsenow:human_flesh":1,"minecraft:acacia_planks":9,"zombie_extreme:cat_food":1},"minecraft:picked_up":{"minecraft:ladder":1,"minecraft:leather":1,"horror_element_mod:villager_head":2,"minecraft:dirt":9,"minecraft:string":7,"extinction:fabric":1,"minecraft:bone":2,"extinction:marine_chestplate":2,"minecraft:acacia_planks":1,"apocalypsenow:human_flesh":2,"minecraft:wheat_seeds":3,"minecraft:beef":3,"minecraft:tinted_glass":1,"zombie_extreme:oil_shale":2,"minecraft:bamboo":51,"minecraft:melon_slice":48,"minecraft:stick":2,"zombie_extreme:soda_used":1,"minecraft:acacia_log":2,"pointblank:gunmetal_nugget":29,"zombie_island:adhesive":1,"zombie_extreme:juggernaut_suit_boots":1,"minecraft:cookie":1,"minecraft:pointed_dripstone":2,"horror_element_mod:impaled_head":1,"minecraft:arrow":3,"minecraft:rotten_flesh":26,"minecraft:tropical_fish":2,"minecraft:mutton":2,"minecraft:white_wool":3},"minecraft:killed":{"minecraft:spider":1,"zombie_extreme:infected_juggernaut":1,"extinction:infected_police":1,"extinction:parasite":1,"zombie_island:incendiary_walker":2,"minecraft:sheep":2,"zombie_extreme:clicker":1,"extinction:soldier":1,"extinction:infected_soldier":3,"zombie_extreme:infected_police":1,"apocalypsenow:walker_18":1,"minecraft:drowned":1,"minecraft:tropical_fish":2,"extinction:infected_hazmat":1,"minecraft:cow":1},"minecraft:custom":{"minecraft:interact_with_furnace":1,"minecraft:interact_with_anvil":1,"minecraft:mob_kills":20,"minecraft:interact_with_crafting_table":1,"minecraft:open_barrel":1,"minecraft:leave_game":2,"minecraft:time_since_death":15086,"minecraft:climb_one_cm":7289,"minecraft:time_since_rest":15113,"minecraft:sprint_one_cm":52053,"minecraft:damage_taken":20003576,"minecraft:walk_one_cm":130622,"minecraft:trigger_trapped_chest":2,"minecraft:drop":11,"minecraft:damage_dealt":4627,"minecraft:swim_one_cm":223402,"minecraft:fly_one_cm":125929,"minecraft:open_chest":8,"minecraft:crouch_one_cm":5260,"minecraft:play_time":47544,"minecraft:sneak_time":1964,"minecraft:deaths":8,"minecraft:walk_under_water_one_cm":35880,"minecraft:jump":752,"minecraft:walk_on_water_one_cm":50322,"minecraft:total_world_time":47544,"minecraft:interact_with_smoker":2,"minecraft:fall_one_cm":18921},"minecraft:broken":{"minecraft:iron_sword":1},"minecraft:mined":{"minecraft:podzol":4,"horror_element_mod:spiked_body":1,"minecraft:kelp_plant":4,"horror_element_mod:hanging_villager":1,"minecraft:ladder":1,"minecraft:acacia_log":2,"minecraft:melon":10,"minecraft:tall_grass":3,"horror_element_mod:impaled_head":1,"minecraft:large_fern":2,"minecraft:seagrass":7,"minecraft:tall_seagrass":1,"horror_element_mod:villager_head":2,"minecraft:tinted_glass":1,"horror_element_mod:spiked_villager":2,"minecraft:fire":1,"minecraft:grass":26,"minecraft:vine":2,"horror_element_mod:dead_cow":2,"zombie_extreme:oil_shale_sand":2,"immersive_weathering:loam":4,"minecraft:cobweb":5,"minecraft:bamboo":2,"minecraft:acacia_planks":1,"minecraft:white_wool":1,"minecraft:fern":4}},"DataVersion":3465}