{"stats":{"minecraft:broken":{"zombiekit:machete":1,"zombie_extreme:juggernaut_suit_boots":1},"minecraft:mined":{"minecraft:dark_oak_planks":3,"minecraft:white_bed":1,"minecraft:grass_block":1,"minecraft:spruce_fence":1,"minecraft:spruce_leaves":1,"minecraft:red_mushroom":3,"minecraft:large_fern":1,"minecraft:hay_block":21,"extinction:supply_drop":3,"minecraft:fire":3,"minecraft:anvil":1,"minecraft:sculk_shrieker":1,"minecraft:vine":2,"minecraft:glass_pane":4,"farmersdelight:organic_compost":1,"minecraft:crafting_table":1,"minecraft:tall_grass":31,"minecraft:oak_planks":1,"minecraft:sugar_cane":13,"horror_element_mod:trapped_leg":1,"farmersdelight:wild_beetroots":3,"minecraft:wheat":5,"minecraft:sweet_berry_bush":2,"minecraft:grass":71,"minecraft:oak_log":3,"pointblank:workstation":5,"minecraft:cobweb":17,"minecraft:tripwire_hook":1,"minecraft:fern":1},"minecraft:dropped":{"minecraft:bread":1,"minecraft:wheat_seeds":19,"extinction:supply_drop":1,"minecraft:crafting_table":1,"minecraft:crossbow":1,"zombie_extreme:cloth":2,"zombie_extreme:crowbar":1,"zombie_extreme:rotten_apple":5,"zombie_extreme:soda_used":1,"apocalypsenow:letter_opener":1,"minecraft:mutton":4,"farmersdelight:organic_compost":1,"zombie_extreme:pipe":1,"minecraft:dark_oak_planks":2,"minecraft:sugar_cane":2,"minecraft:beetroot":1,"minecraft:rotten_flesh":2,"minecraft:filled_map":1,"minecraft:potato":7,"zombie_extreme:bronze_nugget":1,"extinction:accessories_helmet":2,"zombie_extreme:golf_club":2,"minecraft:spruce_planks":1,"immersive_weathering:charred_planks":1,"zombie_extreme:butcher_knife":1,"minecraft:spruce_slab":16,"pointblank:workstation":1,"minecraft:beef":1,"minecraft:brick":1},"minecraft:killed":{"zombie_extreme:night_hunter":1,"minecraft:cod":6,"zombie_extreme:divided":1,"extinction:soldier":1,"zombie_extreme:ram":2,"minecraft:tropical_fish":6,"zombie_island:shambler_4":1,"extinction:mercenary":1,"minecraft:pig":2,"zombie_extreme:boomer":1,"zombie_extreme:infected":2,"minecraft:salmon":7,"apocalypsenow:soldiers":1,"minecraft:squid":2,"minecraft:sheep":3,"minecraft:pillager":2,"extinction:infected_soldier":1,"zombie_extreme:infected_police":2,"zombie_extreme:assasin_black_ops":5,"minecraft:cow":9},"minecraft:used":{"zombie_extreme:butcher_knife":93,"zombie_extreme:cleaver":9,"minecraft:flint_and_steel":16,"minecraft:tropical_fish":5,"minecraft:spruce_slab":2,"zombiekit:machete":24,"minecraft:iron_sword":22,"zombie_extreme:vodka":1,"minecraft:dark_oak_planks":5,"zombie_extreme:canned_stew":1,"pointblank:workstation":4,"minecraft:beef":5,"minecraft:sweet_berries":6,"minecraft:cooked_cod":6,"zombie_extreme:soda":1,"minecraft:egg":2,"minecraft:wheat_seeds":5,"minecraft:baked_potato":4,"minecraft:oak_planks":6,"extinction:bread":1,"extinction:supply_drop":2,"zombie_extreme:chips":6,"zombie_extreme:crowbar":35,"minecraft:crafting_table":3,"zombie_extreme:golf_club":5,"minecraft:white_bed":2,"apocalypsenow:scythe_knife":118,"minecraft:iron_pickaxe":3,"minecraft:bread":22,"minecraft:map":1,"minecraft:soul_lantern":1,"minecraft:porkchop":2,"apocalypsenow:letter_opener":8,"zombiekit:rake":1,"zombie_extreme:cat_food":3},"minecraft:killed_by":{"minecraft:player":1},"minecraft:crafted":{"minecraft:oak_planks":12,"minecraft:spruce_slab":12,"minecraft:dark_oak_planks":16,"immersive_weathering:charred_planks":1,"pointblank:ammo9mm":30,"minecraft:wheat":132,"minecraft:cooked_cod":6,"pointblank:glock17":1,"minecraft:emerald":7,"minecraft:crafting_table":3,"minecraft:spruce_planks":12,"minecraft:cooked_salmon":8,"minecraft:air":0,"minecraft:paper":24,"minecraft:charcoal":8,"minecraft:white_bed":1},"minecraft:custom":{"minecraft:mob_kills":58,"minecraft:interact_with_anvil":1,"minecraft:interact_with_crafting_table":7,"minecraft:open_barrel":11,"minecraft:interact_with_campfire":8,"minecraft:time_since_death":23863,"minecraft:climb_one_cm":15698,"minecraft:sprint_one_cm":197512,"minecraft:walk_one_cm":358607,"minecraft:drop":51,"minecraft:talked_to_villager":41,"minecraft:play_time":88775,"minecraft:deaths":1,"minecraft:sneak_time":289,"minecraft:walk_under_water_one_cm":11552,"minecraft:jump":2501,"minecraft:walk_on_water_one_cm":27043,"minecraft:total_world_time":88775,"minecraft:interact_with_furnace":23,"minecraft:traded_with_villager":9,"minecraft:interact_with_cartography_table":1,"minecraft:sleep_in_bed":3,"minecraft:time_since_rest":23888,"minecraft:damage_taken":2080,"minecraft:damage_dealt":8273,"minecraft:swim_one_cm":80002,"minecraft:fly_one_cm":560162,"minecraft:open_chest":33,"minecraft:crouch_one_cm":155,"minecraft:interact_with_smoker":1,"minecraft:fall_one_cm":71091},"minecraft:picked_up":{"minecraft:crafting_table":2,"minecraft:wheat":4,"apocalypsenow:letter_opener":1,"minecraft:anvil":1,"extinction:accessories_helmet":1,"minecraft:string":16,"minecraft:beetroot":1,"zombie_extreme:golf_club":1,"minecraft:beef":16,"minecraft:spruce_slab":12,"minecraft:sugar_cane":29,"pointblank:workstation":5,"minecraft:egg":2,"minecraft:porkchop":3,"pointblank:gunmetal_nugget":28,"zombie_extreme:juggernaut_suit_boots":1,"minecraft:dark_oak_planks":3,"minecraft:rotten_flesh":2,"minecraft:tropical_fish":5,"minecraft:beetroot_seeds":3,"minecraft:hay_block":21,"zombie_extreme:rotten_apple":5,"minecraft:mutton":8,"minecraft:cod":6,"minecraft:white_wool":3,"minecraft:salmon":7,"minecraft:leather":11,"minecraft:red_mushroom":3,"minecraft:oak_log":3,"farmersdelight:organic_compost":1,"minecraft:wheat_seeds":28,"minecraft:iron_ingot":1,"immersive_weathering:tallow":6,"extinction:marine_leggings":1,"minecraft:sweet_berries":4,"minecraft:ink_sac":6,"minecraft:white_bed":1,"extinction:supply_drop":3,"minecraft:baked_potato":4}},"DataVersion":3465}