{"stats":{"minecraft:killed_by":{"minecraft:zombie":1},"minecraft:killed":{"zombie_extreme:chainsaw":1,"extinction:mercenary":1,"minecraft:zombie":1,"zombie_extreme:boomer":1,"zombie_extreme:infected_hazmat":1,"zombie_extreme:assasin_black_ops":1},"minecraft:used":{"minecraft:moss_block":7,"apocalypsenow:scythe_knife":2,"minecraft:bread":1,"minecraft:map":1,"minecraft:leather_helmet":1,"minecraft:decorated_pot":3,"minecraft:chest":3,"zombie_extreme:frying_pan":1,"zombie_extreme:rotten_apple":1,"minecraft:rotten_flesh":4,"minecraft:dirt":8},"minecraft:crafted":{"minecraft:wheat":108},"minecraft:picked_up":{"extinction:ff_leggings":1,"minecraft:stick":7,"pointblank:gunmetal_nugget":8,"minecraft:string":2,"minecraft:dirt":11,"minecraft:red_bed":1,"extinction:fabric":1,"minecraft:rotten_flesh":4,"minecraft:decorated_pot":4,"minecraft:wheat_seeds":7,"minecraft:hay_block":12,"minecraft:moss_block":8,"minecraft:sugar_cane":3,"minecraft:chest":3,"minecraft:crafting_table":1},"minecraft:custom":{"minecraft:time_since_rest":4236,"minecraft:sprint_one_cm":32687,"minecraft:damage_taken":579,"minecraft:walk_one_cm":51477,"minecraft:mob_kills":9,"minecraft:drop":7,"minecraft:damage_dealt":2474,"minecraft:interact_with_crafting_table":2,"minecraft:talked_to_villager":1,"minecraft:swim_one_cm":18735,"minecraft:fly_one_cm":113294,"minecraft:open_chest":9,"minecraft:crouch_one_cm":1602,"minecraft:play_time":21204,"minecraft:deaths":2,"minecraft:sneak_time":4413,"minecraft:walk_under_water_one_cm":1423,"minecraft:jump":595,"minecraft:leave_game":1,"minecraft:time_since_death":4213,"minecraft:walk_on_water_one_cm":1786,"minecraft:total_world_time":21204,"minecraft:climb_one_cm":380,"minecraft:fall_one_cm":18851},"minecraft:mined":{"minecraft:hay_block":12,"minecraft:seagrass":6,"minecraft:tall_seagrass":5,"minecraft:glass_pane":2,"dynamictrees:oak_undergrowth_leaves":3,"minecraft:red_bed":1,"horror_element_mod:dead_pig":1,"dtterralith:oak_twiglet_leaves":1,"minecraft:crafting_table":1,"minecraft:grass":94,"minecraft:grass_block":6,"minecraft:decorated_pot":4,"minecraft:chest":3,"minecraft:dead_bush":6,"minecraft:dirt":2,"minecraft:tall_grass":13,"farmersdelight:wild_tomatoes":1,"minecraft:sugar_cane":1,"minecraft:moss_block":12},"minecraft:dropped":{"minecraft:dirt":3,"minecraft:wheat_seeds":3,"minecraft:string":1}},"DataVersion":3465}