{"stats":{"minecraft:dropped":{"minecraft:wheat_seeds":2,"minecraft:cookie":1,"zombie_extreme:crowbar":1},"minecraft:used":{"minecraft:tropical_fish":2,"minecraft:melon_slice":5,"horror_element_mod:villager_head":1,"zombie_extreme:canned_food":1,"minecraft:iron_sword":83,"zombie_extreme:pipe":72,"minecraft:rotten_flesh":22,"zombie_extreme:chips":1,"minecraft:dirt":8,"zombie_extreme:soda":1,"zombie_extreme:cat_food":1,"apocalypsenow:human_flesh":1},"minecraft:picked_up":{"minecraft:stick":2,"minecraft:leather":1,"minecraft:acacia_log":2,"pointblank:gunmetal_nugget":5,"zombie_island:adhesive":1,"minecraft:cookie":1,"horror_element_mod:villager_head":2,"minecraft:string":5,"minecraft:dirt":9,"horror_element_mod:impaled_head":1,"extinction:fabric":1,"minecraft:arrow":1,"extinction:marine_chestplate":1,"minecraft:rotten_flesh":21,"minecraft:tropical_fish":2,"minecraft:wheat_seeds":3,"apocalypsenow:human_flesh":2,"minecraft:beef":3,"minecraft:bamboo":51,"zombie_extreme:oil_shale":2,"minecraft:melon_slice":28,"minecraft:mutton":2,"minecraft:white_wool":2},"minecraft:killed":{"minecraft:sheep":2,"zombie_extreme:clicker":1,"extinction:soldier":1,"extinction:infected_soldier":2,"minecraft:drowned":1,"minecraft:tropical_fish":2,"zombie_island:incendiary_walker":2,"extinction:infected_hazmat":1,"minecraft:cow":1},"minecraft:custom":{"minecraft:time_since_rest":4120,"minecraft:sprint_one_cm":40498,"minecraft:interact_with_furnace":1,"minecraft:damage_taken":20003314,"minecraft:walk_one_cm":98658,"minecraft:interact_with_anvil":1,"minecraft:mob_kills":13,"minecraft:drop":4,"minecraft:damage_dealt":3113,"minecraft:swim_one_cm":208099,"minecraft:interact_with_crafting_table":1,"minecraft:fly_one_cm":102425,"minecraft:open_barrel":1,"minecraft:open_chest":4,"minecraft:crouch_one_cm":2216,"minecraft:play_time":36551,"minecraft:deaths":8,"minecraft:sneak_time":1096,"minecraft:walk_under_water_one_cm":31871,"minecraft:jump":591,"minecraft:leave_game":1,"minecraft:time_since_death":4093,"minecraft:walk_on_water_one_cm":38833,"minecraft:interact_with_smoker":2,"minecraft:climb_one_cm":4793,"minecraft:total_world_time":36551,"minecraft:fall_one_cm":14244},"minecraft:broken":{"minecraft:iron_sword":1},"minecraft:mined":{"horror_element_mod:spiked_body":1,"minecraft:podzol":4,"minecraft:seagrass":7,"minecraft:tall_seagrass":1,"horror_element_mod:villager_head":2,"minecraft:kelp_plant":4,"minecraft:fire":1,"horror_element_mod:spiked_villager":1,"horror_element_mod:hanging_villager":1,"minecraft:grass":20,"minecraft:acacia_log":2,"horror_element_mod:dead_cow":2,"minecraft:melon":5,"zombie_extreme:oil_shale_sand":2,"immersive_weathering:loam":4,"minecraft:cobweb":5,"minecraft:tall_grass":1,"minecraft:bamboo":2,"minecraft:fern":3,"horror_element_mod:impaled_head":1}},"DataVersion":3465}