{"stats":{"minecraft:crafted":{"minecraft:spruce_planks":12,"minecraft:spruce_boat":1,"minecraft:acacia_planks":8},"minecraft:dropped":{"minecraft:wheat_seeds":3,"minecraft:bowl":4,"minecraft:pointed_dripstone":1,"minecraft:cookie":1,"zombie_extreme:crowbar":1,"zombie_extreme:rotten_apple":5,"zombie_extreme:soda_used":2,"minecraft:spruce_planks":4,"minecraft:ladder":1,"minecraft:bamboo":40,"minecraft:lily_pad":10,"zombie_extreme:vodka":1},"minecraft:used":{"zombie_extreme:butcher_knife":45,"zombie_extreme:fireaxe":22,"minecraft:tropical_fish":2,"horror_element_mod:impaled_head":1,"zombie_extreme:canned_food":1,"minecraft:tinted_glass":1,"minecraft:iron_sword":83,"zombie_extreme:dead_body":1,"minecraft:stonecutter":2,"minecraft:rotten_flesh":29,"zombie_extreme:chips":1,"minecraft:cookie":2,"minecraft:white_wool":2,"minecraft:dirt":9,"minecraft:mutton":2,"minecraft:spruce_boat":1,"minecraft:apple":1,"minecraft:melon_slice":25,"horror_element_mod:villager_head":1,"zombie_extreme:whiskey":1,"zombie_extreme:pipe":187,"minecraft:porkchop":1,"zombie_extreme:soda":1,"apocalypsenow:human_flesh":1,"minecraft:acacia_planks":9,"zombie_extreme:cat_food":1},"minecraft:picked_up":{"minecraft:ladder":1,"minecraft:leather":1,"minecraft:lily_pad":10,"horror_element_mod:villager_head":2,"minecraft:string":7,"minecraft:dirt":9,"zombie_extreme:dead_body":1,"extinction:fabric":1,"minecraft:bone":3,"extinction:marine_chestplate":2,"minecraft:acacia_planks":1,"minecraft:wheat_seeds":4,"apocalypsenow:human_flesh":2,"minecraft:spruce_planks":4,"minecraft:beef":3,"zombie_extreme:cloth":2,"minecraft:bamboo":51,"zombie_extreme:oil_shale":2,"minecraft:tinted_glass":1,"minecraft:melon_slice":48,"minecraft:stick":4,"zombie_extreme:soda_used":1,"minecraft:bowl":3,"minecraft:acacia_log":2,"minecraft:sand":14,"pointblank:gunmetal_nugget":32,"zombie_island:adhesive":1,"zombie_extreme:juggernaut_suit_boots":1,"minecraft:stripped_spruce_log":2,"minecraft:cookie":1,"minecraft:pointed_dripstone":2,"minecraft:spruce_log":1,"horror_element_mod:impaled_head":1,"minecraft:rotten_flesh":32,"minecraft:arrow":3,"minecraft:tropical_fish":2,"minecraft:decorated_pot":1,"zombie_extreme:rotten_apple":1,"minecraft:mutton":2,"minecraft:white_wool":3},"minecraft:killed":{"extinction:infected_bear":1,"minecraft:spider":1,"zombie_extreme:infected_juggernaut":1,"extinction:infected_police":1,"extinction:parasite":1,"zombie_island:incendiary_walker":2,"minecraft:sheep":2,"zombie_extreme:clicker":1,"minecraft:zombie":1,"extinction:soldier":1,"extinction:infected_soldier":3,"zombie_extreme:infected_police":1,"apocalypsenow:walker_18":1,"minecraft:drowned":1,"zombie_extreme:assasin_black_ops":2,"zombie_island:shambler_2":1,"minecraft:tropical_fish":2,"extinction:infected_hazmat":1,"minecraft:cow":1},"minecraft:custom":{"minecraft:interact_with_furnace":1,"minecraft:interact_with_anvil":1,"minecraft:mob_kills":25,"minecraft:interact_with_crafting_table":4,"minecraft:open_barrel":7,"minecraft:leave_game":2,"minecraft:time_since_death":33848,"minecraft:climb_one_cm":11742,"minecraft:time_since_rest":33875,"minecraft:sprint_one_cm":72016,"minecraft:damage_taken":20003771,"minecraft:walk_one_cm":180576,"minecraft:trigger_trapped_chest":2,"minecraft:drop":27,"minecraft:damage_dealt":5933,"minecraft:swim_one_cm":233932,"minecraft:fly_one_cm":167660,"minecraft:open_chest":21,"minecraft:crouch_one_cm":5278,"minecraft:play_time":66306,"minecraft:sneak_time":2078,"minecraft:deaths":8,"minecraft:walk_under_water_one_cm":38555,"minecraft:jump":985,"minecraft:walk_on_water_one_cm":68350,"minecraft:total_world_time":66306,"minecraft:interact_with_smoker":2,"minecraft:fall_one_cm":24135},"minecraft:broken":{"minecraft:iron_sword":1},"minecraft:mined":{"minecraft:podzol":4,"horror_element_mod:spiked_body":1,"minecraft:glass_pane":4,"horror_element_mod:dead_pig":1,"minecraft:kelp_plant":4,"horror_element_mod:hanging_villager":1,"minecraft:ladder":1,"minecraft:spruce_fence":2,"minecraft:acacia_log":2,"minecraft:decorated_pot":1,"minecraft:melon":10,"zombie_extreme:dead_body":2,"minecraft:tall_grass":4,"horror_element_mod:impaled_head":1,"minecraft:large_fern":2,"minecraft:seagrass":7,"minecraft:tall_seagrass":1,"horror_element_mod:villager_head":2,"minecraft:stripped_spruce_wood":2,"minecraft:tinted_glass":1,"horror_element_mod:spiked_villager":2,"minecraft:fire":1,"minecraft:spruce_log":1,"minecraft:stripped_spruce_log":2,"minecraft:grass":29,"horror_element_mod:dead_cow":2,"zombie_extreme:oil_shale_sand":2,"minecraft:vine":2,"immersive_weathering:loam":4,"minecraft:sand":14,"minecraft:cobweb":5,"minecraft:bamboo":2,"minecraft:acacia_planks":1,"minecraft:white_wool":1,"minecraft:fern":4}},"DataVersion":3465}