{"stats":{"minecraft:crafted":{"minecraft:crafting_table":1,"minecraft:stick":4,"minecraft:wooden_pickaxe":1,"minecraft:acacia_planks":12},"minecraft:dropped":{"minecraft:dirt":3,"minecraft:jungle_sapling":1,"minecraft:bamboo":19,"minecraft:stick":1},"minecraft:used":{"immersive_weathering:sandy_dirt":3,"zombie_extreme:rotten_apple":1,"minecraft:rotten_flesh":3,"zombie_extreme:crowbar":11,"minecraft:crafting_table":1},"minecraft:picked_up":{"minecraft:stick":1,"minecraft:crafting_table":1,"immersive_weathering:sandy_dirt":4,"minecraft:acacia_log":3,"zombie_extreme:computer_monitor":1,"zombie_extreme:crowbar":1,"minecraft:dirt":6,"minecraft:rotten_flesh":5,"minecraft:jungle_sapling":1,"minecraft:bamboo":19,"zombie_extreme:oil_shale":2},"minecraft:killed":{"zombie_island:riot_gear_walker":1,"zombie_island:incendiary_walker":1},"minecraft:custom":{"minecraft:time_since_rest":12621,"minecraft:sprint_one_cm":57707,"minecraft:damage_taken":895,"minecraft:walk_one_cm":22271,"minecraft:mob_kills":2,"minecraft:drop":6,"minecraft:damage_dealt":362,"minecraft:swim_one_cm":270211,"minecraft:interact_with_crafting_table":1,"minecraft:fly_one_cm":45251,"minecraft:crouch_one_cm":418,"minecraft:play_time":26850,"minecraft:deaths":2,"minecraft:sneak_time":162,"minecraft:walk_under_water_one_cm":3845,"minecraft:jump":177,"minecraft:walk_on_water_one_cm":7642,"minecraft:time_since_death":12594,"minecraft:climb_one_cm":33,"minecraft:total_world_time":26850,"minecraft:fall_one_cm":3404},"minecraft:mined":{"minecraft:acacia_leaves":2,"horror_element_mod:dead_pig":1,"minecraft:crafting_table":1,"minecraft:acacia_log":3,"zombie_extreme:oil_shale_sand":2,"immersive_weathering:loam":4,"minecraft:dirt":1,"immersive_weathering:grassy_sandy_dirt":6,"zombie_extreme:computer_monitor":1,"minecraft:bamboo":1}},"DataVersion":3465}