{"stats":{"minecraft:dropped":{"minecraft:wheat_seeds":1,"minecraft:stick":3,"minecraft:cobweb":1,"minecraft:dirt":3,"zombie_extreme:soda_used":3,"minecraft:brown_wool":1,"minecraft:jungle_sapling":1,"minecraft:paper":1,"minecraft:iron_nugget":1,"minecraft:rotten_flesh":3,"minecraft:bamboo":19,"minecraft:arrow":2},"minecraft:crafted":{"minecraft:oak_planks":24,"minecraft:cooked_chicken":1,"minecraft:furnace":1,"minecraft:cooked_mutton":6,"minecraft:stone_pickaxe":1,"minecraft:glistering_melon_slice":4,"minecraft:crafting_table":3,"minecraft:wooden_pickaxe":2,"minecraft:bucket":1,"minecraft:stone_axe":1,"minecraft:air":0,"minecraft:gold_nugget":36,"minecraft:stick":13,"minecraft:iron_ingot":7,"minecraft:iron_pickaxe":1,"minecraft:wooden_axe":1,"minecraft:stone_sword":1,"minecraft:white_bed":1,"minecraft:acacia_planks":28},"minecraft:used":{"minecraft:stone_sword":4,"extinction:corpse":1,"minecraft:chest":2,"minecraft:white_terracotta":4,"minecraft:rotten_flesh":3,"extinction:military_corpse_ii":1,"minecraft:wooden_axe":9,"zombie_extreme:shelf":1,"zombie_extreme:computer_monitor":1,"minecraft:furnace":2,"zombie_extreme:soda":1,"minecraft:egg":1,"extinction:survivor_boots":1,"minecraft:acacia_planks":2,"extinction:protection_pill":1,"minecraft:cooked_mutton":6,"extinction:military_corpse":1,"minecraft:stone_pickaxe":44,"minecraft:oak_planks":1,"zombie_extreme:pill_night_vision":1,"minecraft:wooden_pickaxe":15,"immersive_weathering:sandy_dirt":3,"zombie_extreme:rotten_apple":1,"zombie_extreme:chips":1,"minecraft:cookie":2,"minecraft:mossy_cobblestone":1,"zombie_extreme:crowbar":11,"minecraft:crafting_table":4,"minecraft:white_bed":1,"minecraft:apple":6,"minecraft:bread":1,"zombie_extreme:baseball_bat":46,"extinction:dizziness_pill":1,"minecraft:stone_axe":45,"minecraft:chiseled_stone_bricks":1,"minecraft:cobblestone":1,"extinction:military_humvee":1,"minecraft:bucket":1},"minecraft:picked_up":{"minecraft:crafting_table":2,"minecraft:chicken":1,"minecraft:string":5,"minecraft:gold_nugget":2,"minecraft:jungle_sapling":1,"zombie_extreme:oil_shale":2,"minecraft:melon_slice":61,"minecraft:chest":2,"minecraft:furnace":1,"minecraft:stick":2,"minecraft:raw_iron":17,"minecraft:copper_ingot":1,"zombie_extreme:soda_used":1,"minecraft:acacia_log":3,"apocalypsenow:usa_armor_leggings":1,"minecraft:rotten_flesh":7,"minecraft:hay_block":4,"minecraft:white_terracotta":5,"minecraft:mutton":11,"minecraft:white_wool":5,"minecraft:cobblestone":20,"minecraft:feather":2,"minecraft:brown_wool":1,"minecraft:leather":2,"extinction:military_corpse_ii":1,"immersive_weathering:sandy_dirt":4,"minecraft:acacia_wood":4,"minecraft:potato":1,"zombie_extreme:computer_monitor":2,"minecraft:oak_log":6,"zombie_extreme:crowbar":1,"minecraft:dirt":6,"minecraft:bone":3,"minecraft:acacia_planks":2,"minecraft:apple":5,"minecraft:wheat_seeds":1,"minecraft:cobweb":2,"zombie_extreme:shelf":1,"minecraft:bamboo":19,"minecraft:oak_planks":1,"extinction:corpse":1,"minecraft:chiseled_stone_bricks":1,"minecraft:sand":1,"minecraft:mossy_cobblestone":1,"extinction:military_humvee":1,"minecraft:lever":1,"minecraft:emerald":3,"minecraft:bread":5,"minecraft:stripped_dark_oak_log":4,"minecraft:coal":8,"extinction:military_corpse":1},"minecraft:killed":{"zombie_island:incendiary_walker":1,"zombie_island:riot_gear_walker":1,"minecraft:chicken":1,"minecraft:drowned":1,"extinction:infected_bear":1,"minecraft:sheep":4,"extinction:hunter":1},"minecraft:custom":{"minecraft:mob_kills":11,"minecraft:animals_bred":1,"minecraft:interact_with_crafting_table":15,"minecraft:time_since_death":46560,"minecraft:climb_one_cm":1711,"minecraft:sprint_one_cm":174477,"minecraft:walk_one_cm":102631,"minecraft:drop":18,"minecraft:talked_to_villager":1,"minecraft:play_time":74850,"minecraft:sneak_time":1166,"minecraft:deaths":3,"minecraft:walk_under_water_one_cm":9605,"minecraft:jump":598,"minecraft:walk_on_water_one_cm":17277,"minecraft:total_world_time":74850,"minecraft:interact_with_furnace":10,"minecraft:sleep_in_bed":1,"minecraft:time_since_rest":24884,"minecraft:damage_taken":1402,"minecraft:damage_dealt":1968,"minecraft:swim_one_cm":346156,"minecraft:fly_one_cm":126068,"minecraft:open_chest":13,"minecraft:crouch_one_cm":1184,"minecraft:fall_one_cm":12391},"minecraft:mined":{"minecraft:mossy_cobblestone":1,"extinction:military_humvee":1,"minecraft:acacia_log":3,"zombie_extreme:shelf":1,"extinction:corpse":1,"extinction:military_corpse":1,"minecraft:chiseled_stone_bricks":1,"minecraft:hay_block":4,"minecraft:furnace":1,"minecraft:acacia_wood":4,"minecraft:suspicious_sand":1,"minecraft:vine":2,"zombie_extreme:oil_shale_sand":2,"minecraft:deepslate_iron_ore":17,"immersive_weathering:loam":4,"immersive_weathering:grassy_sandy_dirt":6,"minecraft:bamboo":1,"minecraft:stone":5,"minecraft:tripwire":1,"minecraft:acacia_leaves":2,"minecraft:blackstone":1,"horror_element_mod:dead_pig":1,"extinction:military_corpse_ii":1,"minecraft:stripped_dark_oak_log":4,"minecraft:crafting_table":2,"minecraft:melon":14,"minecraft:chest":3,"minecraft:tall_grass":1,"minecraft:cobblestone":15,"minecraft:deepslate_coal_ore":8,"zombie_extreme:computer_monitor":2,"minecraft:oak_planks":1,"minecraft:white_terracotta":5,"minecraft:coarse_dirt":1,"minecraft:grass":8,"minecraft:oak_log":6,"minecraft:sand":3,"minecraft:dirt":2,"minecraft:cobweb":4,"minecraft:acacia_planks":2,"minecraft:oak_leaves":1}},"DataVersion":3465}