{"stats":{"minecraft:dropped":{"minecraft:wheat_seeds":1,"minecraft:iron_nugget":1,"minecraft:rotten_flesh":1,"minecraft:stick":3,"minecraft:cobweb":1,"minecraft:dirt":3,"zombie_extreme:soda_used":3,"minecraft:brown_wool":1,"minecraft:jungle_sapling":1,"minecraft:bamboo":19,"minecraft:arrow":2,"minecraft:paper":1},"minecraft:crafted":{"minecraft:oak_planks":24,"minecraft:crafting_table":3,"minecraft:cooked_chicken":1,"minecraft:wooden_pickaxe":2,"minecraft:furnace":1,"minecraft:stone_axe":1,"minecraft:cooked_mutton":6,"minecraft:air":0,"minecraft:stick":13,"minecraft:stone_pickaxe":1,"minecraft:wooden_axe":1,"minecraft:stone_sword":1,"minecraft:white_bed":1,"minecraft:acacia_planks":28},"minecraft:used":{"extinction:protection_pill":1,"minecraft:cooked_mutton":3,"minecraft:stone_sword":4,"extinction:military_corpse":1,"minecraft:stone_pickaxe":43,"extinction:corpse":1,"minecraft:chest":2,"minecraft:wooden_pickaxe":15,"minecraft:white_terracotta":4,"immersive_weathering:sandy_dirt":3,"zombie_extreme:rotten_apple":1,"minecraft:rotten_flesh":3,"zombie_extreme:chips":1,"minecraft:cookie":2,"minecraft:mossy_cobblestone":1,"zombie_extreme:crowbar":11,"minecraft:crafting_table":3,"minecraft:white_bed":1,"extinction:military_corpse_ii":1,"minecraft:wooden_axe":9,"minecraft:apple":1,"minecraft:bread":1,"zombie_extreme:shelf":1,"minecraft:stone_axe":33,"zombie_extreme:baseball_bat":46,"extinction:dizziness_pill":1,"minecraft:chiseled_stone_bricks":1,"minecraft:cobblestone":1,"extinction:military_humvee":1,"minecraft:furnace":1,"zombie_extreme:computer_monitor":1,"zombie_extreme:soda":1,"minecraft:egg":1,"extinction:survivor_boots":1,"minecraft:acacia_planks":2},"minecraft:picked_up":{"minecraft:crafting_table":2,"minecraft:feather":2,"minecraft:chicken":1,"minecraft:leather":2,"minecraft:potato":1,"minecraft:brown_wool":1,"immersive_weathering:sandy_dirt":4,"extinction:military_corpse_ii":1,"minecraft:acacia_wood":4,"minecraft:oak_log":6,"zombie_extreme:computer_monitor":2,"minecraft:string":5,"zombie_extreme:crowbar":1,"minecraft:dirt":6,"minecraft:bone":3,"minecraft:acacia_planks":2,"minecraft:apple":5,"minecraft:wheat_seeds":1,"minecraft:gold_nugget":2,"zombie_extreme:shelf":1,"minecraft:cobweb":2,"minecraft:jungle_sapling":1,"zombie_extreme:oil_shale":2,"minecraft:bamboo":19,"minecraft:melon_slice":61,"minecraft:chest":2,"minecraft:furnace":1,"extinction:corpse":1,"minecraft:stick":2,"minecraft:raw_iron":17,"minecraft:chiseled_stone_bricks":1,"zombie_extreme:soda_used":1,"minecraft:acacia_log":3,"minecraft:mossy_cobblestone":1,"extinction:military_humvee":1,"minecraft:rotten_flesh":5,"minecraft:lever":1,"minecraft:bread":5,"minecraft:emerald":3,"minecraft:white_terracotta":5,"minecraft:stripped_dark_oak_log":4,"minecraft:mutton":11,"minecraft:coal":8,"extinction:military_corpse":1,"minecraft:white_wool":5,"minecraft:cobblestone":20},"minecraft:killed":{"extinction:infected_bear":1,"zombie_island:incendiary_walker":1,"minecraft:sheep":4,"zombie_island:riot_gear_walker":1,"minecraft:chicken":1,"extinction:hunter":1},"minecraft:custom":{"minecraft:interact_with_furnace":6,"minecraft:mob_kills":10,"minecraft:animals_bred":1,"minecraft:interact_with_crafting_table":9,"minecraft:time_since_death":34560,"minecraft:sleep_in_bed":1,"minecraft:climb_one_cm":942,"minecraft:time_since_rest":12884,"minecraft:sprint_one_cm":157556,"minecraft:damage_taken":1295,"minecraft:walk_one_cm":86206,"minecraft:drop":17,"minecraft:damage_dealt":1769,"minecraft:swim_one_cm":344496,"minecraft:fly_one_cm":122214,"minecraft:open_chest":11,"minecraft:crouch_one_cm":1184,"minecraft:play_time":62850,"minecraft:deaths":3,"minecraft:sneak_time":1160,"minecraft:walk_under_water_one_cm":9373,"minecraft:jump":572,"minecraft:walk_on_water_one_cm":16737,"minecraft:total_world_time":62850,"minecraft:fall_one_cm":12180},"minecraft:mined":{"minecraft:acacia_leaves":2,"minecraft:blackstone":1,"minecraft:mossy_cobblestone":1,"horror_element_mod:dead_pig":1,"minecraft:stripped_dark_oak_log":4,"extinction:military_corpse_ii":1,"minecraft:crafting_table":2,"extinction:military_humvee":1,"minecraft:acacia_log":3,"minecraft:melon":14,"minecraft:chest":2,"zombie_extreme:shelf":1,"minecraft:tall_grass":1,"extinction:corpse":1,"minecraft:deepslate_coal_ore":8,"minecraft:cobblestone":15,"zombie_extreme:computer_monitor":2,"extinction:military_corpse":1,"minecraft:chiseled_stone_bricks":1,"minecraft:white_terracotta":5,"minecraft:coarse_dirt":1,"minecraft:furnace":1,"minecraft:acacia_wood":4,"minecraft:suspicious_sand":1,"minecraft:deepslate_iron_ore":17,"minecraft:grass":8,"minecraft:oak_log":6,"zombie_extreme:oil_shale_sand":2,"minecraft:vine":2,"immersive_weathering:loam":4,"minecraft:sand":2,"minecraft:cobweb":4,"minecraft:dirt":2,"immersive_weathering:grassy_sandy_dirt":6,"minecraft:bamboo":1,"minecraft:acacia_planks":2,"minecraft:stone":5,"minecraft:oak_leaves":1,"minecraft:tripwire":1}},"DataVersion":3465}