{"stats":{"minecraft:picked_up":{"minecraft:birch_log":5,"minecraft:raw_iron":1,"minecraft:stick":1,"minecraft:crafting_table":2,"minecraft:sweet_berries":21,"minecraft:salmon":6,"minecraft:gravel":3,"minecraft:oak_log":4,"minecraft:dirt":14,"minecraft:mutton":5,"minecraft:coal":7,"minecraft:white_wool":3,"minecraft:cobblestone":24},"minecraft:custom":{"minecraft:time_since_rest":9485,"minecraft:sprint_one_cm":169346,"minecraft:damage_taken":221,"minecraft:walk_one_cm":54067,"minecraft:mob_kills":9,"minecraft:damage_dealt":420,"minecraft:swim_one_cm":13672,"minecraft:interact_with_crafting_table":2,"minecraft:fly_one_cm":290495,"minecraft:open_chest":4,"minecraft:crouch_one_cm":603,"minecraft:play_time":41908,"minecraft:sneak_time":579,"minecraft:walk_under_water_one_cm":7238,"minecraft:jump":1215,"minecraft:walk_on_water_one_cm":6253,"minecraft:time_since_death":41908,"minecraft:sleep_in_bed":1,"minecraft:total_world_time":41908,"minecraft:fall_one_cm":32213},"minecraft:crafted":{"minecraft:oak_planks":16,"minecraft:crafting_table":2,"minecraft:stick":8,"minecraft:wooden_pickaxe":1,"minecraft:stone_pickaxe":1,"minecraft:stone_axe":1},"minecraft:used":{"minecraft:apple":4,"minecraft:bread":3,"minecraft:stone_pickaxe":10,"minecraft:iron_helmet":1,"minecraft:wooden_pickaxe":23,"minecraft:iron_boots":1,"minecraft:iron_chestplate":1,"minecraft:stone_axe":18,"minecraft:salmon":6,"minecraft:dirt":11,"minecraft:crafting_table":3,"minecraft:sweet_berries":21},"minecraft:mined":{"minecraft:iron_ore":1,"minecraft:birch_log":5,"minecraft:sweet_berry_bush":9,"minecraft:birch_leaves":1,"minecraft:crafting_table":2,"minecraft:coal_ore":8,"minecraft:short_grass":1,"minecraft:grass_block":4,"minecraft:oak_log":4,"minecraft:gravel":3,"minecraft:dirt":10,"minecraft:stone":24,"minecraft:oak_leaves":7},"minecraft:killed":{"minecraft:sheep":3,"minecraft:salmon":6}},"DataVersion":3953}