{"stats":{"minecraft:mined":{"minecraft:glass_pane":3,"zombie_extreme:cupboard":4,"minecraft:chest":1,"zombie_extreme:dead_body":1,"minecraft:oak_planks":1,"minecraft:bricks":2,"extinction:supply_drop":1,"zombie_extreme:decomposing_backpack":1,"minecraft:grass":5,"minecraft:oak_log":3,"pointblank:workstation":1,"immersive_weathering:ivy":1,"minecraft:oak_leaves":4},"minecraft:dropped":{"minecraft:wheat_seeds":4,"minecraft:bowl":1,"zombie_extreme:cupboard":1,"zombie_extreme:rotten_apple":2,"zombie_extreme:decomposing_backpack":1,"minecraft:ladder":1,"minecraft:wooden_pickaxe":1},"minecraft:killed":{"zombie_extreme:demolisher":1,"zombie_extreme:revived":2,"zombie_extreme:clicker":1,"zombie_extreme:goon":2,"zombie_island:grenadier_walker":1,"extinction:soldier":1,"extinction:infected_soldier":1,"zombie_extreme:assasin_black_ops":1},"minecraft:used":{"zombie_extreme:butcher_knife":29,"zombie_extreme:cleaver":114,"minecraft:oak_planks":3,"minecraft:ladder":1,"minecraft:chest":1,"minecraft:wooden_pickaxe":3,"zombie_extreme:canned_food":1,"extinction:supply_drop":1,"minecraft:rotten_flesh":4,"zombie_extreme:vodka":1,"zombie_extreme:chips":6,"minecraft:cookie":1,"zombie_extreme:crowbar":2,"minecraft:crafting_table":1,"zombie_extreme:cupboard":3,"minecraft:bricks":1,"zombie_extreme:dog_food":2,"zombie_extreme:syringe_drug":1,"zombie_extreme:pipe":36,"zombie_extreme:whiskey":1,"pointblank:workstation":2,"zombie_extreme:green_apple":1,"minecraft:porkchop":1,"extinction:soda":1},"minecraft:crafted":{"minecraft:oak_planks":12,"minecraft:crafting_table":1,"minecraft:wooden_pickaxe":1},"minecraft:custom":{"minecraft:interact_with_furnace":1,"minecraft:mob_kills":10,"minecraft:interact_with_crafting_table":2,"minecraft:time_since_death":31348,"minecraft:sleep_in_bed":2,"minecraft:climb_one_cm":6451,"minecraft:time_since_rest":3456,"minecraft:sprint_one_cm":106468,"minecraft:damage_taken":838,"minecraft:walk_one_cm":57323,"minecraft:drop":7,"minecraft:damage_dealt":5161,"minecraft:swim_one_cm":9219,"minecraft:talked_to_villager":3,"minecraft:fly_one_cm":70301,"minecraft:open_chest":12,"minecraft:crouch_one_cm":3854,"minecraft:play_time":36464,"minecraft:deaths":1,"minecraft:sneak_time":3325,"minecraft:walk_under_water_one_cm":1127,"minecraft:jump":409,"minecraft:walk_on_water_one_cm":6194,"minecraft:total_world_time":36464,"minecraft:fall_one_cm":12307,"minecraft:horse_one_cm":1117},"minecraft:picked_up":{"minecraft:birch_log":1,"zombie_extreme:frying_pan":1,"minecraft:wheat":1,"minecraft:ladder":2,"zombie_extreme:pipe":1,"minecraft:leather":1,"minecraft:filled_map":1,"minecraft:oak_log":3,"zombie_extreme:decomposing_backpack":1,"zombie_extreme:crowbar":1,"minecraft:paper":1,"zombie_extreme:chips":1,"minecraft:bone":1,"minecraft:wheat_seeds":8,"minecraft:glass_bottle":1,"minecraft:chest":1,"minecraft:oak_planks":1,"pointblank:workstation":2,"minecraft:stick":2,"zombie_extreme:whiskey":1,"minecraft:bowl":1,"pointblank:gunmetal_nugget":24,"zombie_extreme:swat_suit_helmet":1,"minecraft:cookie":1,"zombie_extreme:cupboard":4,"minecraft:rotten_flesh":5,"minecraft:crossbow":1,"zombie_extreme:rotten_apple":2,"extinction:supply_drop":2,"zombie_extreme:butcher_knife":1,"minecraft:bricks":2}},"DataVersion":3465}