{"stats":{"minecraft:picked_up":{"minecraft:birch_log":5,"minecraft:iron_chestplate":1,"minecraft:crafting_table":3,"minecraft:salmon":6,"minecraft:leather":14,"minecraft:wooden_pickaxe":1,"minecraft:potato":9,"minecraft:birch_planks":12,"minecraft:oak_log":4,"minecraft:string":2,"minecraft:dirt":14,"minecraft:bone":6,"minecraft:wheat_seeds":2,"minecraft:wild_armor_trim_smithing_template":4,"minecraft:stone_pickaxe":1,"minecraft:iron_ingot":7,"minecraft:oak_planks":1,"minecraft:iron_boots":1,"minecraft:stick":4,"minecraft:raw_iron":2,"minecraft:sweet_berries":21,"minecraft:chiseled_stone_bricks":2,"minecraft:fire_charge":1,"minecraft:gravel":3,"minecraft:golden_axe":1,"minecraft:arrow":21,"minecraft:rotten_flesh":4,"minecraft:stone_axe":1,"minecraft:lever":1,"minecraft:iron_helmet":1,"minecraft:gold_ingot":5,"minecraft:mutton":7,"minecraft:obsidian":3,"minecraft:coal":14,"minecraft:white_wool":6,"minecraft:cobblestone":42},"minecraft:custom":{"minecraft:mob_kills":15,"minecraft:interact_with_crafting_table":2,"minecraft:leave_game":2,"minecraft:time_since_death":1418,"minecraft:sleep_in_bed":1,"minecraft:climb_one_cm":214,"minecraft:time_since_rest":1507,"minecraft:sprint_one_cm":243993,"minecraft:damage_taken":653,"minecraft:walk_one_cm":69663,"minecraft:drop":1,"minecraft:damage_dealt":1670,"minecraft:swim_one_cm":26200,"minecraft:fly_one_cm":452712,"minecraft:open_chest":6,"minecraft:crouch_one_cm":603,"minecraft:play_time":53698,"minecraft:deaths":1,"minecraft:sneak_time":585,"minecraft:walk_under_water_one_cm":7640,"minecraft:jump":1750,"minecraft:walk_on_water_one_cm":7240,"minecraft:total_world_time":53698,"minecraft:fall_one_cm":46508,"minecraft:inspect_dispenser":2},"minecraft:used":{"minecraft:birch_planks":12,"minecraft:stone_pickaxe":15,"minecraft:wooden_pickaxe":23,"minecraft:iron_chestplate":2,"minecraft:salmon":6,"minecraft:dirt":14,"minecraft:mutton":5,"minecraft:crafting_table":3,"minecraft:lever":1,"minecraft:apple":7,"minecraft:bread":3,"minecraft:iron_helmet":2,"minecraft:iron_boots":2,"minecraft:gravel":3,"minecraft:stone_axe":37,"minecraft:sweet_berries":21},"minecraft:crafted":{"minecraft:oak_planks":16,"minecraft:crafting_table":2,"minecraft:wooden_pickaxe":1,"minecraft:birch_planks":20,"minecraft:stone_axe":1,"minecraft:stick":8,"minecraft:stone_pickaxe":1},"minecraft:mined":{"minecraft:crafting_table":2,"minecraft:short_grass":3,"minecraft:grass_block":4,"minecraft:tall_grass":8,"minecraft:chiseled_stone_bricks":1,"minecraft:birch_planks":1,"minecraft:birch_log":5,"minecraft:iron_ore":1,"minecraft:fire":3,"minecraft:sweet_berry_bush":9,"minecraft:birch_leaves":1,"minecraft:oak_log":4,"minecraft:coal_ore":8,"minecraft:vine":2,"minecraft:gravel":3,"minecraft:dirt":10,"minecraft:stone":24,"minecraft:oak_leaves":10,"minecraft:tripwire":2},"minecraft:killed":{"minecraft:salmon":6,"minecraft:sheep":4,"minecraft:horse":5},"minecraft:dropped":{"minecraft:wheat_seeds":2},"minecraft:killed_by":{"minecraft:player":1}},"DataVersion":3953}