{"stats":{"minecraft:dropped":{"minecraft:wheat_seeds":1,"minecraft:lilac":2,"minecraft:glass_bottle":3,"minecraft:sandstone_stairs":1,"minecraft:stick":3,"minecraft:cobweb":1,"minecraft:dirt":17,"zombie_extreme:soda_used":3,"minecraft:melon_slice":27,"minecraft:brown_wool":1,"minecraft:jungle_sapling":1,"minecraft:gold_nugget":4,"minecraft:sand":75,"minecraft:glistering_melon_slice":12,"minecraft:paper":1,"apocalypsenow:yellow_football_armor_leggings":2,"minecraft:moss_carpet":1,"minecraft:iron_nugget":1,"minecraft:cobbled_deepslate":4,"minecraft:rotten_flesh":3,"minecraft:spruce_fence":1,"apocalypsenow:cooked_human_flesh":2,"minecraft:bamboo":19,"minecraft:sandstone":2,"minecraft:arrow":2},"minecraft:crafted":{"minecraft:oak_planks":36,"minecraft:cooked_chicken":1,"minecraft:furnace":1,"minecraft:cooked_mutton":6,"minecraft:stone_pickaxe":1,"minecraft:chest":1,"minecraft:stone_hoe":1,"minecraft:glistering_melon_slice":4,"pointblank:gunmetal_mesh":1,"minecraft:crafting_table":5,"minecraft:wooden_pickaxe":2,"minecraft:copper_ingot":1,"minecraft:bucket":1,"minecraft:stone_axe":1,"minecraft:air":0,"minecraft:oak_boat":1,"minecraft:gold_nugget":36,"minecraft:stick":13,"apocalypsenow:cooked_human_flesh":3,"minecraft:iron_ingot":17,"minecraft:iron_pickaxe":1,"minecraft:wooden_axe":1,"minecraft:stone_sword":1,"minecraft:iron_shovel":1,"minecraft:white_bed":1,"minecraft:acacia_planks":28},"minecraft:used":{"minecraft:moss_block":23,"minecraft:moss_carpet":2,"minecraft:stone_sword":4,"minecraft:iron_shovel":87,"minecraft:tropical_fish":1,"extinction:corpse":1,"minecraft:chest":4,"minecraft:white_terracotta":4,"minecraft:stone_hoe":63,"minecraft:cooked_chicken":1,"minecraft:rotten_flesh":3,"minecraft:dirt":28,"extinction:military_corpse_ii":1,"minecraft:honey_bottle":2,"minecraft:wooden_axe":9,"minecraft:flowering_azalea":1,"zombie_extreme:shelf":1,"minecraft:stone_bricks":2,"minecraft:bow":6,"minecraft:scaffolding":4,"zombie_extreme:computer_monitor":1,"minecraft:furnace":2,"zombie_extreme:soda":1,"minecraft:egg":1,"minecraft:potato":7,"extinction:survivor_boots":1,"minecraft:cobbled_deepslate":2,"minecraft:acacia_planks":2,"minecraft:hanging_roots":10,"extinction:protection_pill":1,"minecraft:cooked_mutton":6,"apocalypsenow:cooked_human_flesh":1,"extinction:military_corpse":1,"minecraft:glass_bottle":1,"minecraft:stone_pickaxe":44,"minecraft:oak_planks":5,"zombie_extreme:pill_night_vision":1,"minecraft:wooden_pickaxe":15,"immersive_weathering:sandy_dirt":3,"zombie_extreme:rotten_apple":1,"zombie_extreme:chips":1,"minecraft:cookie":2,"farmersdelight:onion":5,"minecraft:glow_berries":6,"minecraft:mossy_cobblestone":1,"minecraft:sand":2,"zombie_extreme:crowbar":11,"minecraft:crafting_table":6,"minecraft:white_bed":1,"minecraft:apple":6,"minecraft:melon_slice":7,"minecraft:bread":8,"minecraft:iron_pickaxe":71,"zombie_extreme:baseball_bat":46,"extinction:dizziness_pill":1,"minecraft:stone_axe":58,"minecraft:chiseled_stone_bricks":1,"minecraft:cobblestone":2,"extinction:military_humvee":1,"apocalypsenow:dead_cockroach":1,"minecraft:bucket":1,"minecraft:oak_boat":2},"minecraft:picked_up":{"minecraft:fishing_rod":1,"minecraft:crafting_table":2,"minecraft:allium":16,"minecraft:chicken":1,"minecraft:raw_copper":6,"minecraft:moss_carpet":3,"minecraft:string":5,"minecraft:gold_nugget":2,"minecraft:cobbled_deepslate":6,"minecraft:oak_boat":2,"minecraft:jungle_sapling":1,"minecraft:sugar_cane":2,"zombie_extreme:oil_shale":2,"minecraft:melon_slice":88,"minecraft:chest":4,"minecraft:furnace":1,"minecraft:sandstone":3,"minecraft:stick":2,"minecraft:raw_iron":17,"minecraft:copper_ingot":1,"zombie_extreme:soda_used":1,"minecraft:acacia_log":3,"minecraft:spruce_fence":1,"pointblank:gunmetal_nugget":23,"minecraft:cactus":1,"minecraft:honey_bottle":1,"apocalypsenow:usa_armor_leggings":1,"minecraft:rotten_flesh":7,"minecraft:tropical_fish":1,"farmersdelight:onion":7,"minecraft:hay_block":4,"minecraft:sandstone_stairs":2,"minecraft:glistering_melon_slice":8,"minecraft:white_terracotta":5,"minecraft:glow_berries":2,"minecraft:mutton":11,"minecraft:white_wool":5,"minecraft:cobblestone":27,"minecraft:magma_block":4,"minecraft:feather":2,"minecraft:lilac":2,"minecraft:cut_sandstone":13,"minecraft:brown_wool":1,"minecraft:leather":2,"extinction:military_corpse_ii":1,"immersive_weathering:sandy_dirt":4,"minecraft:acacia_wood":4,"minecraft:potato":3,"zombie_extreme:computer_monitor":2,"minecraft:oak_log":9,"zombie_extreme:crowbar":1,"minecraft:dirt":58,"zombie_extreme:raw_steel":1,"minecraft:polished_granite":1,"zombie_extreme:raw_lead":2,"minecraft:stone_bricks":2,"minecraft:hanging_roots":10,"minecraft:bone":3,"minecraft:acacia_planks":2,"minecraft:apple":5,"apocalypsenow:human_flesh":10,"minecraft:wheat_seeds":1,"minecraft:cobweb":2,"zombie_extreme:shelf":1,"minecraft:glass_bottle":3,"minecraft:bamboo":19,"minecraft:moss_block":23,"minecraft:oak_planks":1,"minecraft:flowering_azalea":1,"extinction:corpse":1,"minecraft:scaffolding":4,"minecraft:smooth_basalt":1,"minecraft:chiseled_stone_bricks":1,"minecraft:sand":106,"minecraft:barrel":1,"minecraft:mossy_cobblestone":1,"extinction:military_humvee":1,"apocalypsenow:yellow_football_armor_leggings":2,"minecraft:lever":1,"minecraft:emerald":3,"minecraft:bread":5,"apocalypsenow:dead_cockroach":1,"minecraft:stripped_dark_oak_log":4,"minecraft:coal":8,"extinction:military_corpse":1},"minecraft:killed":{"zombie_island:incendiary_walker":1,"zombie_island:riot_gear_walker":1,"minecraft:chicken":1,"minecraft:silverfish":3,"minecraft:drowned":2,"extinction:infected_bear":1,"minecraft:sheep":4,"apocalypsenow:cockroach":1,"extinction:hunter":1},"minecraft:custom":{"minecraft:mob_kills":17,"minecraft:animals_bred":1,"minecraft:interact_with_crafting_table":20,"minecraft:time_since_death":9463,"minecraft:climb_one_cm":8013,"minecraft:sprint_one_cm":286244,"minecraft:walk_one_cm":226493,"minecraft:drop":45,"minecraft:talked_to_villager":3,"minecraft:play_time":152850,"minecraft:sneak_time":2341,"minecraft:deaths":5,"minecraft:walk_under_water_one_cm":19846,"minecraft:jump":969,"minecraft:walk_on_water_one_cm":21016,"minecraft:total_world_time":152850,"minecraft:interact_with_furnace":18,"minecraft:sleep_in_bed":1,"minecraft:time_since_rest":9493,"minecraft:damage_taken":2266,"minecraft:damage_dealt":2272,"minecraft:swim_one_cm":353813,"minecraft:fly_one_cm":171839,"minecraft:open_chest":34,"minecraft:crouch_one_cm":2806,"minecraft:fall_one_cm":26797},"minecraft:mined":{"minecraft:mossy_cobblestone":1,"minecraft:cave_vines_plant":10,"extinction:military_humvee":1,"minecraft:allium":1,"minecraft:acacia_log":3,"minecraft:grass_block":6,"minecraft:spruce_fence":2,"zombie_extreme:shelf":1,"extinction:corpse":1,"extinction:military_corpse":1,"minecraft:infested_chiseled_stone_bricks":1,"minecraft:moss_block":24,"minecraft:sandstone":3,"minecraft:sandstone_stairs":2,"minecraft:chiseled_stone_bricks":1,"farmersdelight:wild_onions":7,"minecraft:hay_block":4,"minecraft:magma_block":4,"minecraft:furnace":1,"zombie_extreme:ore_lead":2,"minecraft:barrel":1,"minecraft:acacia_wood":4,"zombie_extreme:ore_steel":1,"minecraft:suspicious_sand":5,"minecraft:moss_carpet":3,"minecraft:potatoes":2,"minecraft:cave_vines":2,"minecraft:flowering_azalea_leaves":3,"minecraft:vine":20,"zombie_extreme:oil_shale_sand":2,"minecraft:deepslate_iron_ore":17,"immersive_weathering:loam":4,"immersive_weathering:grassy_sandy_dirt":6,"minecraft:azalea_leaves":4,"minecraft:bamboo":1,"minecraft:stone":12,"minecraft:tripwire":1,"minecraft:cut_sandstone":13,"minecraft:acacia_leaves":2,"minecraft:scaffolding":3,"minecraft:flowering_azalea":2,"minecraft:blackstone":1,"horror_element_mod:dead_pig":1,"extinction:military_corpse_ii":1,"minecraft:stripped_dark_oak_log":4,"minecraft:polished_granite":1,"minecraft:crafting_table":2,"minecraft:melon":14,"minecraft:chest":5,"minecraft:copper_ore":2,"minecraft:tall_grass":2,"minecraft:cobblestone":15,"minecraft:deepslate_coal_ore":8,"zombie_extreme:computer_monitor":2,"minecraft:sugar_cane":1,"minecraft:oak_planks":1,"minecraft:white_terracotta":5,"minecraft:chain":2,"minecraft:cactus":2,"minecraft:coarse_dirt":1,"minecraft:light_gray_stained_glass":2,"minecraft:lilac":2,"minecraft:birch_leaves":1,"minecraft:grass":16,"minecraft:oak_log":9,"minecraft:sand":88,"minecraft:dirt":35,"minecraft:cobweb":4,"minecraft:smooth_basalt":1,"minecraft:acacia_planks":2,"minecraft:stone_bricks":2,"minecraft:small_dripleaf":2,"minecraft:fern":1,"minecraft:oak_leaves":8,"minecraft:deepslate":2}},"DataVersion":3465}