{"stats":{"minecraft:picked_up":{"minecraft:birch_log":5,"minecraft:stick":1,"minecraft:crafting_table":2,"minecraft:sweet_berries":21,"minecraft:salmon":6,"minecraft:gravel":3,"minecraft:oak_log":4,"minecraft:dirt":12,"minecraft:cobblestone":23},"minecraft:custom":{"minecraft:time_since_rest":29908,"minecraft:sprint_one_cm":78676,"minecraft:damage_taken":195,"minecraft:walk_one_cm":46925,"minecraft:mob_kills":6,"minecraft:damage_dealt":180,"minecraft:swim_one_cm":11159,"minecraft:interact_with_crafting_table":2,"minecraft:fly_one_cm":104147,"minecraft:play_time":29908,"minecraft:sneak_time":79,"minecraft:walk_under_water_one_cm":7127,"minecraft:jump":555,"minecraft:walk_on_water_one_cm":5627,"minecraft:time_since_death":29908,"minecraft:total_world_time":29908,"minecraft:fall_one_cm":13591},"minecraft:used":{"minecraft:wooden_pickaxe":23,"minecraft:stone_axe":13,"minecraft:salmon":6,"minecraft:dirt":6,"minecraft:crafting_table":3,"minecraft:sweet_berries":15},"minecraft:crafted":{"minecraft:oak_planks":16,"minecraft:crafting_table":2,"minecraft:stick":8,"minecraft:wooden_pickaxe":1,"minecraft:stone_pickaxe":1,"minecraft:stone_axe":1},"minecraft:mined":{"minecraft:birch_log":5,"minecraft:sweet_berry_bush":9,"minecraft:birch_leaves":1,"minecraft:crafting_table":2,"minecraft:grass_block":3,"minecraft:oak_log":4,"minecraft:gravel":3,"minecraft:dirt":9,"minecraft:stone":23,"minecraft:oak_leaves":7},"minecraft:killed":{"minecraft:salmon":6}},"DataVersion":3953}