{"stats":{"minecraft:dropped":{"minecraft:iron_nugget":1,"minecraft:stick":1,"minecraft:dirt":3,"zombie_extreme:soda_used":3,"minecraft:jungle_sapling":1,"minecraft:bamboo":19},"minecraft:crafted":{"minecraft:oak_planks":12,"minecraft:crafting_table":3,"minecraft:wooden_pickaxe":2,"minecraft:furnace":1,"minecraft:stick":8,"minecraft:stone_pickaxe":1,"minecraft:wooden_axe":1,"minecraft:white_bed":1,"minecraft:acacia_planks":28},"minecraft:used":{"extinction:protection_pill":1,"extinction:military_corpse":1,"minecraft:stone_pickaxe":8,"extinction:corpse":1,"minecraft:wooden_pickaxe":15,"minecraft:white_terracotta":4,"immersive_weathering:sandy_dirt":3,"zombie_extreme:rotten_apple":1,"minecraft:rotten_flesh":3,"zombie_extreme:chips":1,"minecraft:cookie":2,"minecraft:mossy_cobblestone":1,"zombie_extreme:crowbar":11,"minecraft:crafting_table":3,"minecraft:white_bed":1,"extinction:military_corpse_ii":1,"minecraft:wooden_axe":6,"minecraft:apple":1,"minecraft:bread":1,"zombie_extreme:shelf":1,"zombie_extreme:baseball_bat":46,"extinction:dizziness_pill":1,"minecraft:chiseled_stone_bricks":1,"extinction:military_humvee":1,"minecraft:furnace":1,"zombie_extreme:computer_monitor":1,"zombie_extreme:soda":1,"minecraft:egg":1,"extinction:survivor_boots":1,"minecraft:acacia_planks":2},"minecraft:picked_up":{"minecraft:crafting_table":1,"minecraft:feather":2,"minecraft:chicken":1,"immersive_weathering:sandy_dirt":4,"extinction:military_corpse_ii":1,"minecraft:acacia_wood":4,"minecraft:oak_log":3,"zombie_extreme:computer_monitor":2,"minecraft:string":1,"zombie_extreme:crowbar":1,"minecraft:dirt":6,"minecraft:bone":3,"minecraft:acacia_planks":2,"minecraft:wheat_seeds":1,"zombie_extreme:shelf":1,"minecraft:cobweb":1,"minecraft:jungle_sapling":1,"zombie_extreme:oil_shale":2,"minecraft:bamboo":19,"extinction:corpse":1,"minecraft:stick":1,"minecraft:chiseled_stone_bricks":1,"zombie_extreme:soda_used":1,"minecraft:acacia_log":3,"minecraft:mossy_cobblestone":1,"extinction:military_humvee":1,"minecraft:rotten_flesh":5,"minecraft:lever":1,"minecraft:white_terracotta":5,"minecraft:mutton":6,"extinction:military_corpse":1,"minecraft:white_wool":4,"minecraft:cobblestone":12},"minecraft:killed":{"extinction:infected_bear":1,"zombie_island:incendiary_walker":1,"minecraft:sheep":4,"zombie_island:riot_gear_walker":1,"minecraft:chicken":1,"extinction:hunter":1},"minecraft:custom":{"minecraft:interact_with_furnace":1,"minecraft:mob_kills":9,"minecraft:interact_with_crafting_table":7,"minecraft:time_since_death":22560,"minecraft:sleep_in_bed":1,"minecraft:climb_one_cm":114,"minecraft:time_since_rest":884,"minecraft:sprint_one_cm":109919,"minecraft:damage_taken":1245,"minecraft:walk_one_cm":59133,"minecraft:drop":10,"minecraft:damage_dealt":1692,"minecraft:swim_one_cm":330624,"minecraft:fly_one_cm":82615,"minecraft:open_chest":7,"minecraft:crouch_one_cm":1184,"minecraft:play_time":50850,"minecraft:deaths":3,"minecraft:sneak_time":1138,"minecraft:walk_under_water_one_cm":7258,"minecraft:jump":401,"minecraft:walk_on_water_one_cm":14682,"minecraft:total_world_time":50850,"minecraft:fall_one_cm":7267},"minecraft:mined":{"minecraft:acacia_leaves":2,"minecraft:mossy_cobblestone":1,"horror_element_mod:dead_pig":1,"extinction:military_corpse_ii":1,"minecraft:crafting_table":1,"extinction:military_humvee":1,"minecraft:acacia_log":3,"zombie_extreme:shelf":1,"extinction:corpse":1,"minecraft:cobblestone":12,"zombie_extreme:computer_monitor":2,"extinction:military_corpse":1,"minecraft:chiseled_stone_bricks":1,"minecraft:white_terracotta":5,"minecraft:acacia_wood":4,"minecraft:grass":4,"minecraft:oak_log":3,"zombie_extreme:oil_shale_sand":2,"minecraft:vine":2,"immersive_weathering:loam":4,"minecraft:dirt":1,"immersive_weathering:grassy_sandy_dirt":6,"minecraft:bamboo":1,"minecraft:acacia_planks":2,"minecraft:tripwire":1}},"DataVersion":3465}