{"stats":{"minecraft:mined":{"extinction:supply_drop":1,"minecraft:glass_pane":2,"zombie_extreme:decomposing_backpack":1,"minecraft:grass":3,"minecraft:oak_log":3,"zombie_extreme:cupboard":4,"minecraft:chest":1,"pointblank:workstation":1,"zombie_extreme:dead_body":1,"minecraft:bricks":2,"minecraft:oak_planks":1,"minecraft:oak_leaves":4},"minecraft:dropped":{"minecraft:wheat_seeds":4,"zombie_extreme:decomposing_backpack":1,"minecraft:bowl":1,"minecraft:ladder":1,"minecraft:wooden_pickaxe":1,"zombie_extreme:cupboard":1},"minecraft:used":{"zombie_extreme:cleaver":114,"minecraft:bricks":1,"zombie_extreme:dog_food":2,"minecraft:ladder":1,"minecraft:oak_planks":3,"minecraft:chest":1,"minecraft:wooden_pickaxe":3,"zombie_extreme:canned_food":1,"extinction:supply_drop":1,"pointblank:workstation":1,"zombie_extreme:chips":5,"minecraft:cookie":1,"zombie_extreme:crowbar":2,"zombie_extreme:green_apple":1,"minecraft:crafting_table":1,"extinction:soda":1,"zombie_extreme:cupboard":3},"minecraft:killed":{"zombie_extreme:revived":2,"zombie_extreme:goon":1,"zombie_extreme:demolisher":1},"minecraft:crafted":{"minecraft:oak_planks":12,"minecraft:crafting_table":1,"minecraft:wooden_pickaxe":1},"minecraft:custom":{"minecraft:time_since_rest":19867,"minecraft:sprint_one_cm":65201,"minecraft:damage_taken":626,"minecraft:walk_one_cm":29337,"minecraft:mob_kills":4,"minecraft:drop":6,"minecraft:damage_dealt":2662,"minecraft:swim_one_cm":516,"minecraft:interact_with_crafting_table":1,"minecraft:fly_one_cm":32874,"minecraft:open_chest":9,"minecraft:crouch_one_cm":3851,"minecraft:play_time":24464,"minecraft:deaths":1,"minecraft:sneak_time":3117,"minecraft:walk_under_water_one_cm":459,"minecraft:jump":251,"minecraft:walk_on_water_one_cm":742,"minecraft:time_since_death":19348,"minecraft:climb_one_cm":6427,"minecraft:total_world_time":24464,"minecraft:fall_one_cm":7802},"minecraft:picked_up":{"minecraft:birch_log":1,"zombie_extreme:frying_pan":1,"minecraft:stick":2,"minecraft:wheat":1,"minecraft:ladder":2,"zombie_extreme:pipe":1,"zombie_extreme:whiskey":1,"minecraft:leather":1,"minecraft:bowl":1,"pointblank:gunmetal_nugget":19,"zombie_extreme:swat_suit_helmet":1,"minecraft:oak_log":3,"minecraft:cookie":1,"zombie_extreme:crowbar":1,"zombie_extreme:decomposing_backpack":1,"minecraft:paper":1,"zombie_extreme:chips":1,"minecraft:bone":1,"zombie_extreme:cupboard":4,"minecraft:rotten_flesh":1,"minecraft:wheat_seeds":8,"minecraft:crossbow":1,"zombie_extreme:rotten_apple":2,"extinction:supply_drop":2,"minecraft:glass_bottle":1,"zombie_extreme:butcher_knife":1,"minecraft:chest":1,"minecraft:bricks":2,"minecraft:oak_planks":1,"pointblank:workstation":2}},"DataVersion":3465}