{"stats":{"minecraft:mined":{"zombie_extreme:decomposing_backpack":1,"minecraft:oak_log":3,"zombie_extreme:cupboard":4,"zombie_extreme:dead_body":1,"minecraft:oak_planks":1,"minecraft:oak_leaves":4},"minecraft:dropped":{"zombie_extreme:decomposing_backpack":1,"minecraft:ladder":1,"zombie_extreme:cupboard":1},"minecraft:used":{"minecraft:ladder":1,"minecraft:oak_planks":1,"zombie_extreme:cupboard":3},"minecraft:crafted":{"minecraft:oak_planks":12},"minecraft:custom":{"minecraft:time_since_rest":7867,"minecraft:sprint_one_cm":14751,"minecraft:damage_taken":360,"minecraft:walk_one_cm":11654,"minecraft:drop":3,"minecraft:damage_dealt":54,"minecraft:swim_one_cm":516,"minecraft:fly_one_cm":11412,"minecraft:open_chest":1,"minecraft:crouch_one_cm":1324,"minecraft:play_time":12464,"minecraft:deaths":1,"minecraft:sneak_time":703,"minecraft:walk_under_water_one_cm":459,"minecraft:jump":89,"minecraft:walk_on_water_one_cm":742,"minecraft:time_since_death":7348,"minecraft:climb_one_cm":3029,"minecraft:total_world_time":12464,"minecraft:fall_one_cm":2514},"minecraft:picked_up":{"minecraft:birch_log":1,"zombie_extreme:frying_pan":1,"minecraft:stick":2,"minecraft:wheat":1,"minecraft:ladder":2,"minecraft:leather":1,"minecraft:bowl":1,"minecraft:oak_log":3,"minecraft:cookie":1,"zombie_extreme:decomposing_backpack":1,"zombie_extreme:chips":1,"minecraft:bone":1,"zombie_extreme:cupboard":4,"minecraft:rotten_flesh":1,"minecraft:wheat_seeds":3,"zombie_extreme:rotten_apple":2,"minecraft:glass_bottle":1,"minecraft:oak_planks":1}},"DataVersion":3465}