{"stats":{"minecraft:mined":{"minecraft:glass_pane":3,"minecraft:crafting_table":1,"minecraft:granite":6,"zombie_extreme:cupboard":4,"minecraft:chest":1,"zombie_extreme:dead_body":1,"minecraft:lapis_ore":4,"minecraft:spruce_leaves":7,"minecraft:oak_planks":1,"minecraft:bricks":2,"extinction:supply_drop":1,"minecraft:iron_ore":5,"zombie_extreme:decomposing_backpack":1,"minecraft:spruce_log":3,"minecraft:andesite":7,"minecraft:grass":8,"minecraft:coal_ore":25,"minecraft:oak_log":3,"minecraft:gravel":2,"pointblank:workstation":1,"immersive_weathering:ivy":1,"minecraft:stone":1,"minecraft:oak_leaves":4,"minecraft:deepslate":8},"minecraft:dropped":{"minecraft:bricks":1,"minecraft:wheat_seeds":8,"minecraft:glass_bottle":1,"minecraft:bowl":1,"zombie_extreme:cupboard":1,"zombie_extreme:rotten_apple":2,"zombie_extreme:decomposing_backpack":1,"zombie_extreme:butcher_knife":3,"minecraft:ladder":1,"minecraft:wooden_pickaxe":4},"minecraft:used":{"zombie_extreme:butcher_knife":39,"zombie_extreme:cleaver":114,"minecraft:stone_pickaxe":55,"minecraft:oak_planks":3,"minecraft:ladder":1,"minecraft:chest":1,"minecraft:wooden_pickaxe":8,"zombie_extreme:canned_food":1,"extinction:supply_drop":1,"minecraft:rotten_flesh":4,"zombie_extreme:vodka":1,"zombie_extreme:chips":6,"minecraft:cookie":1,"zombie_extreme:crowbar":2,"minecraft:crafting_table":3,"zombie_extreme:cupboard":3,"minecraft:bricks":1,"zombie_extreme:dog_food":2,"minecraft:bread":1,"zombie_extreme:syringe_drug":1,"zombie_extreme:pipe":44,"zombie_extreme:whiskey":1,"minecraft:stone_axe":10,"pointblank:workstation":2,"minecraft:beef":3,"zombie_extreme:green_apple":1,"minecraft:furnace":1,"minecraft:porkchop":1,"extinction:soda":1,"minecraft:egg":1,"minecraft:cooked_beef":1,"apocalypsenow:human_flesh":1},"minecraft:killed":{"apocalypsenow:walker_30":1,"zombie_extreme:demolisher":1,"minecraft:skeleton":1,"zombie_extreme:revived":2,"zombie_extreme:clicker":1,"minecraft:zombie":2,"zombie_extreme:goon":3,"zombie_island:grenadier_walker":1,"extinction:soldier":1,"extinction:infected_soldier":1,"zombie_extreme:assasin_black_ops":1},"minecraft:crafted":{"minecraft:oak_planks":12,"minecraft:crafting_table":2,"minecraft:spruce_planks":12,"minecraft:wooden_pickaxe":2,"minecraft:furnace":1,"minecraft:birch_planks":4,"minecraft:stone_axe":1,"minecraft:stick":12,"minecraft:stone_pickaxe":1},"minecraft:custom":{"minecraft:interact_with_furnace":3,"minecraft:mob_kills":15,"minecraft:interact_with_crafting_table":6,"minecraft:interact_with_campfire":10,"minecraft:time_since_death":43348,"minecraft:sleep_in_bed":2,"minecraft:climb_one_cm":6451,"minecraft:time_since_rest":15456,"minecraft:sprint_one_cm":133375,"minecraft:damage_taken":1006,"minecraft:walk_one_cm":82967,"minecraft:drop":16,"minecraft:damage_dealt":6619,"minecraft:swim_one_cm":9219,"minecraft:talked_to_villager":5,"minecraft:fly_one_cm":99520,"minecraft:player_kills":1,"minecraft:open_chest":12,"minecraft:crouch_one_cm":6827,"minecraft:play_time":48464,"minecraft:deaths":1,"minecraft:sneak_time":5012,"minecraft:walk_under_water_one_cm":1127,"minecraft:jump":553,"minecraft:walk_on_water_one_cm":6194,"minecraft:total_world_time":48464,"minecraft:fall_one_cm":16274,"minecraft:horse_one_cm":1117},"minecraft:picked_up":{"minecraft:birch_log":1,"zombie_extreme:frying_pan":1,"minecraft:crafting_table":1,"minecraft:wheat":1,"minecraft:cooked_beef":3,"minecraft:ladder":2,"zombie_extreme:pipe":1,"minecraft:leather":1,"minecraft:wooden_pickaxe":2,"minecraft:potato":7,"minecraft:filled_map":1,"minecraft:oak_log":3,"minecraft:lapis_lazuli":20,"zombie_extreme:decomposing_backpack":1,"zombie_extreme:crowbar":1,"minecraft:paper":1,"zombie_extreme:chips":1,"minecraft:bone":1,"apocalypsenow:human_flesh":3,"minecraft:wheat_seeds":8,"minecraft:cobbled_deepslate":8,"minecraft:glass_bottle":1,"minecraft:chest":1,"minecraft:oak_planks":1,"pointblank:workstation":2,"minecraft:egg":1,"minecraft:stick":2,"minecraft:raw_iron":5,"zombie_extreme:whiskey":1,"minecraft:bowl":1,"pointblank:gunmetal_nugget":29,"zombie_extreme:swat_suit_helmet":1,"minecraft:cookie":1,"minecraft:spruce_log":3,"zombie_extreme:cupboard":4,"minecraft:rotten_flesh":7,"minecraft:granite":6,"minecraft:crossbow":1,"zombie_extreme:rotten_apple":2,"extinction:supply_drop":2,"minecraft:bread":1,"minecraft:baked_potato":7,"zombie_extreme:butcher_knife":3,"minecraft:bricks":2,"minecraft:coal":25}},"DataVersion":3465}