{"stats":{"minecraft:picked_up":{"minecraft:stick":1,"minecraft:crafting_table":2,"minecraft:gravel":3,"minecraft:oak_log":4,"minecraft:dirt":10,"minecraft:cobblestone":23},"minecraft:custom":{"minecraft:time_since_rest":17908,"minecraft:play_time":17908,"minecraft:sprint_one_cm":36112,"minecraft:damage_taken":195,"minecraft:walk_one_cm":30459,"minecraft:sneak_time":6,"minecraft:walk_under_water_one_cm":480,"minecraft:jump":294,"minecraft:time_since_death":17908,"minecraft:walk_on_water_one_cm":2900,"minecraft:total_world_time":17908,"minecraft:fall_one_cm":9502,"minecraft:swim_one_cm":5976,"minecraft:interact_with_crafting_table":2,"minecraft:fly_one_cm":42195},"minecraft:crafted":{"minecraft:oak_planks":16,"minecraft:stone_axe":1,"minecraft:crafting_table":2,"minecraft:stick":8,"minecraft:stone_pickaxe":1,"minecraft:wooden_pickaxe":1},"minecraft:used":{"minecraft:stone_axe":1,"minecraft:dirt":4,"minecraft:crafting_table":3,"minecraft:wooden_pickaxe":23},"minecraft:mined":{"minecraft:grass_block":2,"minecraft:oak_log":4,"minecraft:gravel":3,"minecraft:dirt":8,"minecraft:stone":23,"minecraft:oak_leaves":6,"minecraft:crafting_table":2}},"DataVersion":3953}