{"stats":{"minecraft:mined":{"minecraft:spruce_planks":4,"minecraft:deepslate_diamond_ore":1,"minecraft:glow_lichen":2,"minecraft:granite":6,"zombie_extreme:deepslate_thorium":1,"zombie_extreme:dead_body":1,"farmersdelight:wild_cabbages":14,"minecraft:spruce_leaves":7,"mcore:deepslate_titanium_ore":2,"minecraft:large_fern":2,"extinction:supply_drop":1,"minecraft:furnace":1,"minecraft:iron_ore":5,"zombie_extreme:decomposing_backpack":1,"minecraft:andesite":7,"minecraft:potatoes":1,"zombie_extreme:deepslate_tin":4,"immersive_weathering:ivy":1,"extinction:wooden_planks":2,"minecraft:stone":9,"minecraft:deepslate_redstone_ore":2,"minecraft:glass_pane":5,"minecraft:crafting_table":3,"zombie_extreme:cupboard":4,"minecraft:chest":1,"minecraft:tall_grass":1,"minecraft:lapis_ore":4,"minecraft:bricks":2,"minecraft:oak_planks":1,"zombie_extreme:deepslate_ruby":4,"farmersdelight:sandy_shrub":4,"minecraft:spruce_log":6,"zombie_extreme:deepslate_steel":2,"minecraft:grass":10,"minecraft:oak_log":3,"minecraft:coal_ore":25,"minecraft:gravel":2,"pointblank:workstation":1,"minecraft:cobweb":1,"minecraft:stone_bricks":6,"minecraft:oak_leaves":4,"minecraft:deepslate":13,"minecraft:fern":1},"minecraft:dropped":{"minecraft:wheat_seeds":9,"minecraft:glass_bottle":2,"minecraft:book":1,"zombie_extreme:rotten_apple":2,"minecraft:sugar":1,"minecraft:paper":2,"minecraft:bone":1,"minecraft:bricks":1,"zombie_extreme:cleaver":1,"minecraft:bowl":1,"minecraft:wheat":1,"farmersdelight:cabbage_seeds":12,"minecraft:rotten_flesh":5,"zombie_extreme:cupboard":1,"zombie_extreme:decomposing_backpack":1,"minecraft:ladder":1,"zombie_extreme:butcher_knife":4,"minecraft:arrow":1,"minecraft:wooden_pickaxe":4},"minecraft:killed":{"apocalypsenow:looter_1":1,"extinction:runner":1,"zombie_extreme:demolisher":1,"minecraft:skeleton":2,"zombie_extreme:revived":2,"zombie_extreme:clicker":1,"zombie_extreme:goon":4,"zombie_island:grenadier_walker":1,"extinction:soldier":1,"apocalypsenow:runner_46":1,"extinction:runner_ii":1,"apocalypsenow:walker_30":1,"zombie_extreme:infected_hazmat":1,"extinction:infected_police":1,"minecraft:zombie":5,"apocalypsenow:walker_12":1,"extinction:infected_soldier":1,"zombie_extreme:infected_police":1,"zombie_extreme:assasin_black_ops":2},"minecraft:used":{"zombie_extreme:butcher_knife":49,"minecraft:stone_sword":35,"zombie_extreme:cleaver":114,"minecraft:ladder":1,"minecraft:chest":1,"minecraft:spruce_planks":7,"zombie_extreme:canned_food":1,"farmersdelight:cabbage":2,"minecraft:rotten_flesh":4,"zombie_extreme:vodka":1,"minecraft:bricks":1,"zombie_extreme:dog_food":2,"zombie_extreme:whiskey":1,"pointblank:workstation":2,"minecraft:beef":3,"zombie_extreme:green_apple":1,"minecraft:furnace":1,"minecraft:egg":2,"minecraft:potato":1,"minecraft:cooked_beef":3,"zombie_extreme:fireaxe":8,"apocalypsenow:cooked_human_flesh":2,"minecraft:stone_pickaxe":67,"minecraft:oak_planks":3,"minecraft:wooden_pickaxe":13,"extinction:supply_drop":2,"zombie_extreme:chips":9,"minecraft:cookie":2,"zombie_extreme:crowbar":8,"minecraft:crafting_table":4,"zombie_extreme:cupboard":3,"minecraft:apple":3,"minecraft:bread":1,"minecraft:iron_pickaxe":22,"zombie_extreme:syringe_drug":1,"zombie_extreme:pipe":45,"minecraft:stone_axe":38,"minecraft:porkchop":1,"extinction:soda":1,"apocalypsenow:human_flesh":1,"zombie_extreme:cat_food":2,"minecraft:cobweb":1},"minecraft:crafted":{"minecraft:oak_planks":12,"minecraft:furnace":1,"minecraft:stone_pickaxe":2,"minecraft:crafting_table":3,"minecraft:spruce_planks":24,"minecraft:wooden_pickaxe":3,"minecraft:birch_planks":4,"minecraft:stone_axe":2,"minecraft:air":0,"minecraft:stick":20,"apocalypsenow:cooked_human_flesh":2,"minecraft:iron_ingot":5,"minecraft:iron_pickaxe":1,"minecraft:stone_sword":1},"minecraft:custom":{"minecraft:mob_kills":29,"minecraft:interact_with_crafting_table":13,"minecraft:interact_with_campfire":10,"minecraft:time_since_death":14605,"minecraft:climb_one_cm":9138,"minecraft:sprint_one_cm":244863,"minecraft:walk_one_cm":126716,"minecraft:drop":31,"minecraft:talked_to_villager":6,"minecraft:play_time":72464,"minecraft:sneak_time":6544,"minecraft:deaths":2,"minecraft:walk_under_water_one_cm":5044,"minecraft:jump":1101,"minecraft:walk_on_water_one_cm":12991,"minecraft:total_world_time":72464,"minecraft:interact_with_furnace":8,"minecraft:sleep_in_bed":2,"minecraft:time_since_rest":14641,"minecraft:damage_taken":1833,"minecraft:damage_dealt":10639,"minecraft:player_kills":1,"minecraft:fly_one_cm":232451,"minecraft:swim_one_cm":12056,"minecraft:open_chest":18,"minecraft:crouch_one_cm":7845,"minecraft:fall_one_cm":28046,"minecraft:horse_one_cm":1117},"minecraft:picked_up":{"minecraft:crafting_table":3,"minecraft:wheat":1,"minecraft:ladder":2,"minecraft:wooden_pickaxe":2,"zombie_extreme:raw_tin":3,"zombie_extreme:decomposing_backpack":1,"minecraft:string":1,"zombie_extreme:chips":1,"extinction:fabric":1,"minecraft:cobbled_deepslate":11,"farmersdelight:cabbage":2,"minecraft:spruce_planks":4,"minecraft:chest":1,"pointblank:workstation":2,"farmersdelight:cabbage_seeds":12,"minecraft:egg":2,"minecraft:furnace":1,"zombie_extreme:ruby":4,"minecraft:raw_iron":5,"minecraft:stick":2,"minecraft:bowl":1,"pointblank:gunmetal_nugget":53,"minecraft:cookie":1,"minecraft:redstone":10,"minecraft:arrow":1,"zombie_extreme:cupboard":4,"minecraft:rotten_flesh":12,"zombie_extreme:rotten_apple":2,"zombie_extreme:butcher_knife":3,"minecraft:cobblestone":8,"minecraft:birch_log":1,"zombie_extreme:frying_pan":1,"minecraft:cooked_beef":3,"zombie_extreme:pipe":1,"minecraft:glow_ink_sac":2,"minecraft:leather":1,"extinction:wooden_planks":2,"minecraft:potato":12,"minecraft:filled_map":1,"minecraft:oak_log":3,"zombie_extreme:crowbar":1,"minecraft:lapis_lazuli":20,"minecraft:paper":1,"mcore:raw_titanium":2,"minecraft:bone":1,"minecraft:stone_bricks":6,"minecraft:wheat_seeds":9,"apocalypsenow:human_flesh":5,"minecraft:glass_bottle":2,"minecraft:oak_planks":1,"zombie_extreme:whiskey":1,"zombie_extreme:swat_suit_helmet":1,"minecraft:spruce_log":6,"minecraft:diamond":1,"minecraft:crossbow":1,"minecraft:granite":6,"zombie_extreme:raw_thorium":1,"extinction:supply_drop":2,"minecraft:bread":1,"minecraft:baked_potato":7,"minecraft:bricks":2,"minecraft:coal":48}},"DataVersion":3465}