{"stats":{"minecraft:crafted":{"minecraft:crafting_table":2,"minecraft:stick":8,"minecraft:wooden_pickaxe":2,"minecraft:wooden_axe":1,"minecraft:acacia_planks":28},"minecraft:dropped":{"minecraft:dirt":3,"zombie_extreme:soda_used":1,"minecraft:iron_nugget":1,"minecraft:jungle_sapling":1,"minecraft:bamboo":19,"minecraft:stick":1},"minecraft:used":{"extinction:protection_pill":1,"minecraft:apple":1,"extinction:military_corpse":1,"minecraft:bread":1,"extinction:corpse":1,"zombie_extreme:shelf":1,"minecraft:wooden_pickaxe":7,"immersive_weathering:sandy_dirt":3,"zombie_extreme:rotten_apple":1,"minecraft:rotten_flesh":3,"zombie_extreme:chips":1,"extinction:dizziness_pill":1,"zombie_extreme:crowbar":11,"extinction:military_humvee":1,"minecraft:crafting_table":2,"zombie_extreme:computer_monitor":1,"zombie_extreme:soda":1,"extinction:military_corpse_ii":1,"extinction:survivor_boots":1},"minecraft:picked_up":{"extinction:corpse":1,"minecraft:stick":1,"minecraft:crafting_table":1,"zombie_extreme:soda_used":1,"extinction:military_corpse_ii":1,"immersive_weathering:sandy_dirt":4,"minecraft:acacia_log":3,"minecraft:acacia_wood":4,"zombie_extreme:computer_monitor":2,"zombie_extreme:crowbar":1,"minecraft:dirt":6,"extinction:military_humvee":1,"minecraft:bone":3,"minecraft:rotten_flesh":5,"zombie_extreme:shelf":1,"minecraft:cobweb":1,"minecraft:jungle_sapling":1,"minecraft:white_terracotta":3,"minecraft:bamboo":19,"zombie_extreme:oil_shale":2,"extinction:military_corpse":1},"minecraft:killed":{"zombie_island:riot_gear_walker":1,"zombie_island:incendiary_walker":1},"minecraft:custom":{"minecraft:time_since_rest":10587,"minecraft:sprint_one_cm":77969,"minecraft:damage_taken":1225,"minecraft:walk_one_cm":44543,"minecraft:mob_kills":2,"minecraft:drop":8,"minecraft:damage_dealt":431,"minecraft:swim_one_cm":330624,"minecraft:interact_with_crafting_table":3,"minecraft:fly_one_cm":62412,"minecraft:open_chest":4,"minecraft:crouch_one_cm":418,"minecraft:play_time":38850,"minecraft:deaths":3,"minecraft:sneak_time":278,"minecraft:walk_under_water_one_cm":7258,"minecraft:jump":269,"minecraft:walk_on_water_one_cm":14682,"minecraft:time_since_death":10560,"minecraft:climb_one_cm":33,"minecraft:total_world_time":38850,"minecraft:fall_one_cm":6385},"minecraft:mined":{"minecraft:white_terracotta":3,"minecraft:acacia_leaves":2,"horror_element_mod:dead_pig":1,"minecraft:acacia_wood":4,"extinction:military_corpse_ii":1,"minecraft:crafting_table":1,"extinction:military_humvee":1,"minecraft:acacia_log":3,"minecraft:vine":2,"zombie_extreme:oil_shale_sand":2,"immersive_weathering:loam":4,"minecraft:dirt":1,"zombie_extreme:shelf":1,"immersive_weathering:grassy_sandy_dirt":6,"extinction:corpse":1,"extinction:military_corpse":1,"zombie_extreme:computer_monitor":2,"minecraft:bamboo":1}},"DataVersion":3465}