{"stats":{"minecraft:picked_up":{"minecraft:crafting_table":4,"minecraft:feather":1,"minecraft:chicken":1,"minecraft:leather":5,"minecraft:oak_log":16,"minecraft:dirt":6,"minecraft:string":7,"minecraft:cobbled_deepslate":7,"minecraft:raw_gold":1,"minecraft:beef":7,"minecraft:sugar_cane":8,"minecraft:furnace":2,"minecraft:raw_iron":49,"minecraft:gravel":1,"minecraft:porkchop":41,"minecraft:rotten_flesh":1,"minecraft:diamond":2,"minecraft:tropical_fish":2,"minecraft:granite":2,"minecraft:mutton":18,"minecraft:coal":3,"minecraft:white_wool":10,"minecraft:rail":2,"minecraft:cobblestone":50},"minecraft:custom":{"minecraft:interact_with_furnace":12,"minecraft:mob_kills":30,"minecraft:interact_with_crafting_table":7,"minecraft:time_since_death":16953,"minecraft:time_since_rest":16953,"minecraft:sprint_one_cm":50155,"minecraft:damage_taken":220,"minecraft:walk_one_cm":36283,"minecraft:damage_dealt":3292,"minecraft:swim_one_cm":11038,"minecraft:fly_one_cm":50654,"minecraft:crouch_one_cm":5329,"minecraft:play_time":16953,"minecraft:sneak_time":2413,"minecraft:walk_under_water_one_cm":7668,"minecraft:jump":364,"minecraft:walk_on_water_one_cm":6666,"minecraft:total_world_time":16953,"minecraft:fall_one_cm":5463},"minecraft:crafted":{"minecraft:oak_planks":20,"minecraft:stone_shovel":1,"minecraft:cooked_porkchop":5,"minecraft:crafting_table":1,"minecraft:wooden_pickaxe":1,"minecraft:furnace":1,"minecraft:bucket":1,"minecraft:stone_axe":1,"minecraft:air":0,"minecraft:stick":12,"minecraft:iron_ingot":7,"minecraft:iron_pickaxe":1,"minecraft:stone_pickaxe":1,"minecraft:stone_sword":1},"minecraft:used":{"minecraft:water_bucket":1,"minecraft:stone_sword":73,"minecraft:stone_shovel":1,"minecraft:stone_pickaxe":73,"minecraft:wooden_pickaxe":8,"minecraft:dirt":4,"minecraft:crafting_table":4,"minecraft:granite":2,"minecraft:iron_pickaxe":27,"minecraft:gravel":1,"minecraft:stone_axe":16,"minecraft:cobblestone":17,"minecraft:furnace":2,"minecraft:cooked_porkchop":3,"minecraft:bucket":2,"minecraft:cobbled_deepslate":3},"minecraft:mined":{"minecraft:deepslate_diamond_ore":2,"minecraft:crafting_table":4,"minecraft:granite":2,"minecraft:short_grass":4,"minecraft:grass_block":2,"minecraft:cobblestone":2,"minecraft:deepslate_gold_ore":4,"minecraft:sugar_cane":3,"minecraft:diorite":1,"minecraft:furnace":2,"minecraft:iron_ore":20,"minecraft:oak_log":16,"minecraft:coal_ore":2,"minecraft:deepslate_iron_ore":18,"minecraft:gravel":1,"minecraft:dirt":4,"minecraft:cobweb":3,"minecraft:stone":48,"minecraft:oak_leaves":8,"minecraft:deepslate":7},"minecraft:killed":{"minecraft:pig":11,"minecraft:spider":2,"minecraft:sheep":10,"minecraft:zombie":3,"minecraft:chicken":1,"minecraft:cow":3}},"DataVersion":3953}