{"stats":{"minecraft:picked_up":{"minecraft:iron_chestplate":1,"minecraft:crafting_table":8,"minecraft:chicken":1,"minecraft:wooden_pickaxe":1,"minecraft:string":12,"minecraft:cobbled_deepslate":18,"minecraft:beef":7,"minecraft:sugar_cane":8,"minecraft:iron_boots":1,"minecraft:furnace":3,"minecraft:raw_iron":132,"minecraft:stick":5,"minecraft:fire_charge":1,"minecraft:porkchop":41,"minecraft:golden_axe":1,"minecraft:redstone":14,"minecraft:arrow":33,"minecraft:rotten_flesh":10,"minecraft:tropical_fish":4,"minecraft:gold_ingot":5,"minecraft:blaze_rod":7,"minecraft:mutton":18,"minecraft:obsidian":7,"minecraft:cobblestone":112,"minecraft:rail":2,"minecraft:white_wool":13,"minecraft:enchanting_table":1,"minecraft:feather":2,"minecraft:leather":12,"minecraft:smoker":1,"minecraft:potato":9,"minecraft:birch_planks":11,"minecraft:flint":1,"minecraft:oak_log":16,"minecraft:gunpowder":2,"minecraft:dirt":8,"minecraft:lapis_lazuli":101,"minecraft:bone":13,"minecraft:bow":1,"minecraft:wild_armor_trim_smithing_template":4,"minecraft:raw_gold":15,"minecraft:iron_ingot":7,"minecraft:stone_pickaxe":1,"minecraft:oak_planks":1,"minecraft:chiseled_stone_bricks":1,"minecraft:gravel":1,"minecraft:white_bed":2,"minecraft:spider_eye":1,"minecraft:diamond":6,"minecraft:stone_axe":1,"minecraft:iron_helmet":1,"minecraft:granite":4,"minecraft:coal":21,"minecraft:netherrack":78},"minecraft:custom":{"minecraft:mob_kills":68,"minecraft:interact_with_crafting_table":22,"minecraft:leave_game":1,"minecraft:time_since_death":1568,"minecraft:sprint_one_cm":126438,"minecraft:walk_one_cm":126796,"minecraft:damage_blocked_by_shield":315,"minecraft:drop":49,"minecraft:play_time":52248,"minecraft:deaths":1,"minecraft:sneak_time":5908,"minecraft:walk_under_water_one_cm":8004,"minecraft:jump":1137,"minecraft:walk_on_water_one_cm":12027,"minecraft:enchant_item":6,"minecraft:total_world_time":52248,"minecraft:interact_with_furnace":41,"minecraft:sleep_in_bed":1,"minecraft:time_since_rest":1601,"minecraft:damage_taken":1480,"minecraft:damage_dealt":11005,"minecraft:swim_one_cm":11038,"minecraft:fly_one_cm":150240,"minecraft:player_kills":1,"minecraft:open_chest":2,"minecraft:crouch_one_cm":18766,"minecraft:interact_with_smoker":15,"minecraft:fall_one_cm":24966},"minecraft:crafted":{"minecraft:oak_planks":36,"minecraft:stone_shovel":1,"minecraft:cooked_chicken":1,"minecraft:furnace":2,"minecraft:cooked_mutton":18,"minecraft:flint_and_steel":1,"minecraft:iron_boots":1,"minecraft:iron_axe":1,"minecraft:stone_pickaxe":1,"minecraft:smoker":1,"minecraft:cooked_beef":7,"minecraft:cooked_porkchop":23,"minecraft:crafting_table":1,"minecraft:enchanting_table":1,"minecraft:wooden_pickaxe":1,"minecraft:iron_helmet":1,"minecraft:iron_sword":1,"minecraft:bucket":1,"minecraft:stone_axe":1,"minecraft:air":0,"minecraft:iron_chestplate":1,"minecraft:book":1,"minecraft:paper":3,"minecraft:diamond_pickaxe":1,"minecraft:shield":1,"minecraft:stick":20,"minecraft:iron_pickaxe":1,"minecraft:iron_ingot":57,"minecraft:stone_sword":1,"minecraft:iron_shovel":1,"minecraft:iron_leggings":1,"minecraft:white_bed":1},"minecraft:used":{"minecraft:netherite_sword":13,"minecraft:stone_sword":105,"minecraft:enchanting_table":1,"minecraft:iron_shovel":2,"minecraft:flint_and_steel":6,"minecraft:stone_shovel":1,"minecraft:shield":11,"minecraft:iron_sword":80,"minecraft:cooked_chicken":1,"minecraft:netherrack":35,"minecraft:dirt":4,"minecraft:granite":2,"minecraft:lava_bucket":8,"minecraft:iron_axe":5,"minecraft:furnace":3,"minecraft:cobbled_deepslate":11,"minecraft:cooked_mutton":11,"minecraft:water_bucket":22,"minecraft:stone_pickaxe":73,"minecraft:wooden_pickaxe":8,"minecraft:crafting_table":7,"minecraft:white_bed":2,"minecraft:smoker":1,"minecraft:diamond_pickaxe":108,"minecraft:iron_pickaxe":171,"minecraft:gravel":1,"minecraft:stone_axe":18,"minecraft:cobblestone":69,"minecraft:cooked_porkchop":5,"minecraft:bucket":31},"minecraft:mined":{"minecraft:white_bed":2,"minecraft:deepslate_diamond_ore":6,"minecraft:obsidian":4,"minecraft:granite":4,"minecraft:grass_block":2,"minecraft:spawner":2,"minecraft:redstone_ore":3,"minecraft:furnace":3,"minecraft:iron_ore":63,"minecraft:cobbled_deepslate":1,"minecraft:fire":7,"minecraft:enchanting_table":1,"minecraft:deepslate_iron_ore":26,"minecraft:stone":86,"minecraft:smoker":1,"minecraft:crafting_table":7,"minecraft:short_grass":5,"minecraft:cobblestone":10,"minecraft:deepslate_gold_ore":13,"minecraft:lapis_ore":16,"minecraft:sugar_cane":3,"minecraft:diorite":1,"minecraft:birch_planks":2,"minecraft:coal_ore":13,"minecraft:oak_log":16,"minecraft:dirt":4,"minecraft:gravel":3,"minecraft:cobweb":5,"minecraft:netherrack":90,"minecraft:gold_ore":2,"minecraft:oak_leaves":8,"minecraft:deepslate":15},"minecraft:killed":{"minecraft:spider":3,"minecraft:skeleton":10,"minecraft:chicken":1,"minecraft:pig":11,"minecraft:sheep":10,"minecraft:zombie":12,"minecraft:blaze":17,"minecraft:cow":3},"minecraft:dropped":{"minecraft:iron_ingot":7,"minecraft:birch_planks":11,"minecraft:crafting_table":2,"minecraft:golden_axe":1,"minecraft:iron_helmet":1,"minecraft:feather":2,"minecraft:cobblestone":18,"minecraft:leather":7,"minecraft:granite":2,"minecraft:tropical_fish":4,"minecraft:rail":2,"minecraft:coal":7,"minecraft:stick":5,"minecraft:dirt":4,"minecraft:fire_charge":1,"minecraft:string":1,"minecraft:white_wool":3,"minecraft:bone":6,"minecraft:gold_ingot":5,"minecraft:stone_axe":2,"minecraft:wild_armor_trim_smithing_template":4,"minecraft:stone_sword":1,"minecraft:obsidian":3,"minecraft:raw_iron":1,"minecraft:stone_shovel":1,"minecraft:rotten_flesh":10,"minecraft:oak_planks":1,"minecraft:iron_boots":1,"minecraft:chiseled_stone_bricks":1,"minecraft:potato":9,"minecraft:iron_chestplate":1,"minecraft:spider_eye":1,"minecraft:arrow":21,"minecraft:stone_pickaxe":2,"minecraft:wooden_pickaxe":2,"minecraft:netherrack":2}},"DataVersion":3953}