{"stats":{"minecraft:picked_up":{"minecraft:crafting_table":4,"minecraft:feather":1,"minecraft:chicken":1,"minecraft:leather":5,"minecraft:oak_log":16,"minecraft:gunpowder":2,"minecraft:lapis_lazuli":101,"minecraft:dirt":6,"minecraft:string":7,"minecraft:bone":4,"minecraft:bow":1,"minecraft:cobbled_deepslate":11,"minecraft:raw_gold":15,"minecraft:beef":7,"minecraft:sugar_cane":8,"minecraft:furnace":2,"minecraft:stick":2,"minecraft:raw_iron":100,"minecraft:gravel":1,"minecraft:porkchop":41,"minecraft:redstone":14,"minecraft:arrow":7,"minecraft:rotten_flesh":1,"minecraft:diamond":2,"minecraft:tropical_fish":2,"minecraft:granite":4,"minecraft:mutton":18,"minecraft:coal":14,"minecraft:white_wool":10,"minecraft:rail":2,"minecraft:cobblestone":80},"minecraft:custom":{"minecraft:interact_with_furnace":28,"minecraft:mob_kills":38,"minecraft:interact_with_crafting_table":16,"minecraft:time_since_death":28953,"minecraft:time_since_rest":28953,"minecraft:sprint_one_cm":75813,"minecraft:damage_taken":470,"minecraft:walk_one_cm":70558,"minecraft:damage_blocked_by_shield":315,"minecraft:drop":10,"minecraft:damage_dealt":4818,"minecraft:swim_one_cm":11038,"minecraft:fly_one_cm":76460,"minecraft:crouch_one_cm":11409,"minecraft:play_time":28953,"minecraft:sneak_time":4162,"minecraft:walk_under_water_one_cm":8004,"minecraft:jump":530,"minecraft:walk_on_water_one_cm":7047,"minecraft:interact_with_smoker":11,"minecraft:total_world_time":28953,"minecraft:fall_one_cm":8703},"minecraft:crafted":{"minecraft:oak_planks":32,"minecraft:stone_shovel":1,"minecraft:cooked_porkchop":19,"minecraft:crafting_table":1,"minecraft:iron_helmet":1,"minecraft:cooked_chicken":1,"minecraft:wooden_pickaxe":1,"minecraft:iron_sword":1,"minecraft:furnace":2,"minecraft:bucket":1,"minecraft:stone_axe":1,"minecraft:cooked_mutton":18,"minecraft:air":0,"minecraft:iron_boots":1,"minecraft:iron_chestplate":1,"minecraft:shield":1,"minecraft:stick":16,"minecraft:iron_ingot":36,"minecraft:iron_pickaxe":1,"minecraft:stone_pickaxe":1,"minecraft:stone_sword":1,"minecraft:iron_leggings":1,"minecraft:smoker":1},"minecraft:used":{"minecraft:cooked_mutton":2,"minecraft:water_bucket":5,"minecraft:stone_sword":105,"minecraft:stone_shovel":1,"minecraft:stone_pickaxe":73,"minecraft:shield":11,"minecraft:wooden_pickaxe":8,"minecraft:dirt":4,"minecraft:crafting_table":5,"minecraft:granite":2,"minecraft:smoker":1,"minecraft:iron_pickaxe":154,"minecraft:gravel":1,"minecraft:stone_axe":16,"minecraft:cobblestone":24,"minecraft:furnace":3,"minecraft:cooked_porkchop":5,"minecraft:bucket":6,"minecraft:cobbled_deepslate":9},"minecraft:mined":{"minecraft:deepslate_diamond_ore":2,"minecraft:crafting_table":4,"minecraft:granite":4,"minecraft:short_grass":4,"minecraft:grass_block":2,"minecraft:cobblestone":2,"minecraft:lapis_ore":16,"minecraft:deepslate_gold_ore":13,"minecraft:sugar_cane":3,"minecraft:diorite":1,"minecraft:redstone_ore":3,"minecraft:furnace":2,"minecraft:iron_ore":63,"minecraft:oak_log":16,"minecraft:coal_ore":13,"minecraft:deepslate_iron_ore":26,"minecraft:gravel":1,"minecraft:dirt":4,"minecraft:cobweb":3,"minecraft:stone":79,"minecraft:gold_ore":2,"minecraft:oak_leaves":8,"minecraft:deepslate":9},"minecraft:killed":{"minecraft:pig":11,"minecraft:spider":2,"minecraft:sheep":10,"minecraft:skeleton":5,"minecraft:zombie":6,"minecraft:chicken":1,"minecraft:cow":3},"minecraft:dropped":{"minecraft:stone_axe":1,"minecraft:stone_sword":1,"minecraft:stone_shovel":1,"minecraft:rotten_flesh":1,"minecraft:granite":2,"minecraft:rail":2,"minecraft:stick":2,"minecraft:stone_pickaxe":1,"minecraft:wooden_pickaxe":1}},"DataVersion":3953}