{"stats":{"minecraft:picked_up":{"minecraft:enchanting_table":1,"minecraft:crafting_table":7,"minecraft:feather":1,"minecraft:chicken":1,"minecraft:leather":5,"minecraft:smoker":1,"minecraft:oak_log":16,"minecraft:gunpowder":2,"minecraft:lapis_lazuli":101,"minecraft:dirt":8,"minecraft:string":11,"minecraft:bone":6,"minecraft:bow":1,"minecraft:cobbled_deepslate":16,"minecraft:raw_gold":15,"minecraft:beef":7,"minecraft:sugar_cane":8,"minecraft:furnace":3,"minecraft:stick":2,"minecraft:raw_iron":131,"minecraft:gravel":1,"minecraft:porkchop":41,"minecraft:white_bed":2,"minecraft:redstone":14,"minecraft:spider_eye":1,"minecraft:arrow":10,"minecraft:rotten_flesh":7,"minecraft:diamond":6,"minecraft:tropical_fish":4,"minecraft:granite":4,"minecraft:obsidian":4,"minecraft:mutton":18,"minecraft:coal":14,"minecraft:white_wool":10,"minecraft:rail":2,"minecraft:cobblestone":93},"minecraft:custom":{"minecraft:interact_with_furnace":41,"minecraft:mob_kills":44,"minecraft:interact_with_crafting_table":22,"minecraft:time_since_death":40953,"minecraft:sleep_in_bed":1,"minecraft:time_since_rest":9485,"minecraft:sprint_one_cm":100794,"minecraft:damage_taken":582,"minecraft:walk_one_cm":95641,"minecraft:damage_blocked_by_shield":315,"minecraft:drop":17,"minecraft:damage_dealt":5969,"minecraft:swim_one_cm":11038,"minecraft:fly_one_cm":111666,"minecraft:crouch_one_cm":12380,"minecraft:play_time":40953,"minecraft:sneak_time":4501,"minecraft:walk_under_water_one_cm":8004,"minecraft:jump":733,"minecraft:walk_on_water_one_cm":12027,"minecraft:enchant_item":6,"minecraft:interact_with_smoker":15,"minecraft:total_world_time":40953,"minecraft:fall_one_cm":16672},"minecraft:used":{"minecraft:cooked_mutton":4,"minecraft:water_bucket":22,"minecraft:enchanting_table":1,"minecraft:stone_sword":105,"minecraft:stone_shovel":1,"minecraft:stone_pickaxe":73,"minecraft:shield":11,"minecraft:wooden_pickaxe":8,"minecraft:iron_sword":23,"minecraft:cooked_chicken":1,"minecraft:dirt":4,"minecraft:crafting_table":7,"minecraft:white_bed":2,"minecraft:granite":2,"minecraft:smoker":1,"minecraft:diamond_pickaxe":15,"minecraft:lava_bucket":8,"minecraft:iron_axe":5,"minecraft:iron_pickaxe":171,"minecraft:gravel":1,"minecraft:stone_axe":16,"minecraft:cobblestone":37,"minecraft:furnace":3,"minecraft:cooked_porkchop":5,"minecraft:bucket":31,"minecraft:cobbled_deepslate":11},"minecraft:crafted":{"minecraft:cooked_beef":7,"minecraft:oak_planks":36,"minecraft:stone_shovel":1,"minecraft:cooked_porkchop":23,"minecraft:crafting_table":1,"minecraft:enchanting_table":1,"minecraft:iron_helmet":1,"minecraft:cooked_chicken":1,"minecraft:wooden_pickaxe":1,"minecraft:iron_sword":1,"minecraft:furnace":2,"minecraft:bucket":1,"minecraft:stone_axe":1,"minecraft:cooked_mutton":18,"minecraft:air":0,"minecraft:book":1,"minecraft:paper":3,"minecraft:iron_boots":1,"minecraft:iron_chestplate":1,"minecraft:diamond_pickaxe":1,"minecraft:shield":1,"minecraft:iron_axe":1,"minecraft:stick":20,"minecraft:iron_ingot":57,"minecraft:iron_pickaxe":1,"minecraft:stone_pickaxe":1,"minecraft:stone_sword":1,"minecraft:iron_shovel":1,"minecraft:iron_leggings":1,"minecraft:white_bed":1,"minecraft:smoker":1},"minecraft:mined":{"minecraft:white_bed":2,"minecraft:deepslate_diamond_ore":6,"minecraft:smoker":1,"minecraft:obsidian":4,"minecraft:crafting_table":7,"minecraft:granite":4,"minecraft:short_grass":4,"minecraft:grass_block":2,"minecraft:cobblestone":10,"minecraft:lapis_ore":16,"minecraft:deepslate_gold_ore":13,"minecraft:sugar_cane":3,"minecraft:diorite":1,"minecraft:spawner":1,"minecraft:redstone_ore":3,"minecraft:furnace":3,"minecraft:iron_ore":63,"minecraft:cobbled_deepslate":1,"minecraft:enchanting_table":1,"minecraft:oak_log":16,"minecraft:coal_ore":13,"minecraft:deepslate_iron_ore":26,"minecraft:gravel":1,"minecraft:dirt":4,"minecraft:cobweb":5,"minecraft:stone":86,"minecraft:gold_ore":2,"minecraft:oak_leaves":8,"minecraft:deepslate":13},"minecraft:killed":{"minecraft:pig":11,"minecraft:spider":3,"minecraft:sheep":10,"minecraft:skeleton":7,"minecraft:zombie":9,"minecraft:chicken":1,"minecraft:cow":3},"minecraft:dropped":{"minecraft:stone_axe":1,"minecraft:stone_sword":1,"minecraft:stone_shovel":1,"minecraft:feather":1,"minecraft:rotten_flesh":5,"minecraft:granite":2,"minecraft:tropical_fish":4,"minecraft:rail":2,"minecraft:stick":2,"minecraft:dirt":2,"minecraft:spider_eye":1,"minecraft:stone_pickaxe":1,"minecraft:wooden_pickaxe":1}},"DataVersion":3953}